বাাংলাদেশ জিওদ াড
জিলা
জু
ন ২০১৭
জেনদেজনাং জিওদ াজডাং জিদেম মমসূ জি
বাাংলাদেশ পজিিাংখ্যান ব্যু দিা
পজিিাংখ্যান ও তথ্য ব্য বস্থাপনা জবভাগ
পজি ল্প না মন্ত্রণালয়।

-- 1 of 81 --

কাǿ িবভাগ
έকাড
έজলা
έকাড
িসিট
έকাড
উপ/
থানা
έকাড
έপৗর
έকাড
ইউ/
ওয়াǿ
έকাড
(ʔরাতন)
ইউ/
ওয়াǿ
έকাড
(নȣন)
έমৗজা/
মহ̲া
έকাড
(ʔরাতন)
έমৗজা
έকাড
(নȣন)
έজ
এল
নং
Żাম
έকাড
(ʔরাতন)
Żাম/মহ̲া
/*পাড়া
έকাড
(নȣন)
আর
এম ও
έমাট
খɶ
খɶ
নং ˘িম (একের)
নদী
পথ
(একের)
বনাǝল (একের) ধরণ
1 2 3 4 5 6 7 8 9 10 11 12 13 14 15 16 17 18 19 20 21 22
2 20 22 COX'S BAZAR কŨবাজার 615752 0 0
4 20 22 16 CHAKARIA চকিরয়া 99919.72 0 36254.32 1
6 20 22 16 10 142 BADARKHALI বদরখালী 0 0 4447.00 0 0 1
7 20 22 16 10 142 015 069 65 1 BADARKHALI GHONA বদরখালী έঘানা 0 0 4447.06 0 0
8 20 22 16 10 142 015 069 01 020 1 BADARKHALI GHONA-1 বদরখালী έঘানা-১ 0 0 0.00 0 0
8 20 22 16 10 142 015 069 02 021 1 BADARKHALI GHONA-2 বদরখালী έঘানা-২ 0 0 0.00 0 0
8 20 22 16 10 142 015 069 03 022 1 BADARKHALI GHONA-3 বদরখালী έঘানা-৩ 0 0 0.00 0 0
ʚশাসিনক ইউিনেটর নােমর বানান
8 20 22 16 10 142 015 069 03 022 1 BADARKHALI GHONA-3 বদরখালী έঘানা-৩ 0 0 0.00 0 0
6 20 22 16 12 151 BAMU BILCHHARI ব˥ িবলছিড় 0 0 3525.93 0 833.75 1
7 20 22 16 12 151 061 072 28 1 BAMU ব˥ 0 0 2962.23 0 804.04
8 20 22 16 12 151 061 072 02 020 1 BAMURKUL ব˥রŇল 0 0 0.00 0 0
8 20 22 16 12 151 061 072 04 061 1 FADUKHOLA ফাɃেখালা 0 0 0.00 0 0
8 20 22 16 12 151 061 072 05 142 1 NANDIRBIL নিʁরিবল 0 0 0.00 0 0
8 20 22 16 12 151 061 072 01 163 1 PANISYABIL পািনসαািবল 0 0 0.00 0 0
8 20 22 16 12 151 061 072 03 164 1 PUKURIAKHOLA ʔŇিরয়ােখালা 0 0 0.00 0 0
7 20 22 16 12 151 183 078 29 1 BILCHHARI িবলছিড় 0 0 563.70 0 29.71
8 20 22 16 12 151 183 078 01 130 1 MAIJPARA মাইজপাড়া 0 0 0.00 0 0
8 20 22 16 12 151 183 078 03 161 1 PASHCHIMPARA পি̽মপাড়া 0 0 0.00 0 0
8 20 22 16 12 151 183 078 02 162 1 PURBAPARA ʕʻপাড়া 0 0 0.00 0 0
6 20 22 16 16 160 BARAITALI বরইতিল 0 0 6541.09 0 1703.82 1
7 20 22 16 16 160 091 073 19 1 BARAITALI বরইতিল 0 0 3930.74 0 945.98
8 20 22 16 16 160 091 073 07 020 1 BANIARCHHARA বািনয়ারছড়া 0 0 0.00 0 0
8 20 22 16 16 160 091 073 12 041 2 DAKKHIN BARAITALI দিţণ বরইতিল 0 0 0.00 0 0
8 20 22 16 16 160 091 073 04 042 1 DEINGGAKATA έডইƝাকাটা 0 0 0.00 0 0
1 / 79

-- 2 of 81 --

কাǿ িবভাগ
έকাড
έজলা
έকাড
িসিট
έকাড
উপ/
থানা
έকাড
έপৗর
έকাড
ইউ/
ওয়াǿ
έকাড
(ʔরাতন)
ইউ/
ওয়াǿ
έকাড
(নȣন)
έমৗজা/
মহ̲া
έকাড
(ʔরাতন)
έমৗজা
έকাড
(নȣন)
έজ
এল
নং
Żাম
έকাড
(ʔরাতন)
Żাম/মহ̲া
/*পাড়া
έকাড
(নȣন)
আর
এম ও
έমাট
খɶ
খɶ
নং ˘িম (একের)
নদী
পথ
(একের)
বনাǝল (একের) ধরণ
1 2 3 4 5 6 7 8 9 10 11 12 13 14 15 16 17 18 19 20 21 22
ʚশাসিনক ইউিনেটর নােমর বানান
8 20 22 16 16 160 091 073 08 063 1 FATEH ALI SIKDARPARA ফেতহ আলী িসকদারপাড়া 0 0 0.00 0 0
8 20 22 16 16 160 091 073 01 084 1 HINDUPARA িহʂপাড়া 0 0 0.00 0 0
8 20 22 16 16 160 091 073 02 115 1 KATAKHALI কাটাখালী 0 0 0.00 0 0
8 20 22 16 16 160 091 073 10 116 2 KRISHNAKATA ŉ͔কাটা 0 0 0.00 0 0
8 20 22 16 16 160 091 073 11 137 2 MAHMUDNAGAR মাহ˥দনগর 0 0 0.00 0 0
8 20 22 16 16 160 091 073 05 138 1 MAIJPARA মাইজপাড়া 0 0 0.00 0 0
8 20 22 16 16 160 091 073 06 169 1 PURBA KHAIRATIPARA ʕʻ খয়রািতপাড়া 0 0 0.00 0 0	8 20 22 16 16 160 091 073 06 169 1 PURBA KHAIRATIPARA ʕʻ খয়রািতপাড়া 0 0 0.00 0 0
8 20 22 16 16 160 091 073 03 190 1 RASULABAD রͦলাবাদ 0 0 0.00 0 0
8 20 22 16 16 160 091 073 09 201 1 SHARMAPARA শ˨াপাড়া 0 0 0.00 0 0
7 20 22 16 16 160 719 592 16 1 PAHARCHANDA পহরচাঁʁা 0 0 2610.35 0 757.84
8 20 22 16 16 160 719 592 01 020 1 BIBIRKHIL িবিবরিখল 0 0 0.00 0 0
8 20 22 16 16 160 719 592 05 041 1 DEBALTALI έডবলতলী 0 0 0.00 0 0
8 20 22 16 16 160 719 592 02 072 1 GOBINDAPUR έগািবʁʔর 0 0 0.00 0 0
8 20 22 16 16 160 719 592 03 083 1 HAFALIAKATA হাফািলয়াকাটা 0 0 0.00 0 0
8 20 22 16 16 160 719 592 04 134 1 MACHHANIAKATA মছিনয়াকাটা 0 0 0.00 0 0
6 20 22 16 22 169 BHEOLA MANIKCHAR έভওলা মািনকচর 0 0 3828.52 0 9.41 1
7 20 22 16 22 169 137 075 14 1 BETHUA έবȺয়া 0 0 1813.52 0 0
8 20 22 16 22 169 137 075 02 030 1 CHHAINAMMARGHONA ήছনা̅ারেঘানা 0 0 0.00 0 0
8 20 22 16 22 169 137 075 03 081 1 HAONARJUM হওনারǁম 0 0 0.00 0 0
8 20 22 16 22 169 137 075 01 112 1 KHANJANIGHONA খǢিনেঘানা 0 0 0.00 0 0
8 20 22 16 22 169 137 075 04 133 1 MUBINPARA ˥িবনপাড়া 0 0 0.00 0 0
7 20 22 16 22 169 168 077 15 1 BHEOLA MANIKCHAR έভওলা মািনকচর 0 0 2015.76 0 9.41
8 20 22 16 22 169 168 077 08 020 1 BETUARKUL έবȣয়ারŇল 0 0 0.00 0 0
2 / 79

-- 3 of 81 --

কাǿ িবভাগ
έকাড
έজলা
έকাড
িসিট
έকাড
উপ/
থানা
έকাড
έপৗর
έকাড
ইউ/
ওয়াǿ
έকাড
(ʔরাতন)
ইউ/
ওয়াǿ
έকাড
(নȣন)
έমৗজা/
মহ̲া
έকাড
(ʔরাতন)
έমৗজা
έকাড
(নȣন)
έজ
এল
নং
Żাম
έকাড
(ʔরাতন)
Żাম/মহ̲া
/*পাড়া
έকাড
(নȣন)
আর
এম ও
έমাট
খɶ
খɶ
নং ˘িম (একের)
নদী
পথ
(একের)
বনাǝল (একের) ধরণ
1 2 3 4 5 6 7 8 9 10 11 12 13 14 15 16 17 18 19 20 21 22
ʚশাসিনক ইউিনেটর নােমর বানান
8 20 22 16 22 169 168 077 03 041 1 DAKKHIN BAHADDARKATA দিţণ বহɌারকাটা 0 0 0.00 0 0
8 20 22 16 22 169 168 077 06 082 1 HASI SIKDARPARA হািস িসকদারপাড়া 0 0 0.00 0 0
8 20 22 16 22 169 168 077 01 113 1 KRISHNAPUR ŉ͔াʔর 0 0 0.00 0 0
8 20 22 16 22 169 168 077 02 144 1 NAYAPARA নয়াপাড়া 0 0 0.00 0 0
8 20 22 16 22 169 168 077 07 165 1 PAHARIAPARA পাহািড়য়াপাড়া 0 0 0.00 0 0
8 20 22 16 22 169 168 077 05 166 1 PUCHCHHALIAPARA ʔƮিলয়াপাড়া 0 0 0.00 0 0
8 20 22 16 22 169 168 077 04 217 1 UTTAR BAHADDARKATA উȪর বহɌারকাটা 0 0 0.00 0 0	8 20 22 16 22 169 168 077 04 217 1 UTTAR BAHADDARKATA উȪর বহɌারকাটা 0 0 0.00 0 0
6 20 22 16 27 179 CHIRINGGA িচিরƝা 0 0 6041.56 0 6693.55 1
7 20 22 16 27 179 214 114 54 1 CHARANDWIP চরণɖীপ 0 0 2307.60 0 6667.6
8 20 22 16 27 179 214 114 01 030 1 CHARANDWIP চরণɖীপ 0 0 0.00 0 0
7 20 22 16 27 179 400 593 53 1 PALAKATA পালাকাটা 2 1 3733.96 0 25.95
8 20 22 16 27 179 400 593 02 020 1 BURIPUKUR ʸিড়ʔŇর 0 0 0.00 0 0
8 20 22 16 27 179 400 593 01 161 1 PALAKATA পালাকাটা 0 0 0.00 0 0
8 20 22 16 27 179 400 593 03 192 1 SAUDAGAR GHONA সওদাগর έঘানা 0 0 0.00 0 0
6 20 22 16 31 213 DHEMUSHIA έঢ˥িশয়া 0 0 3684.20 0 16.08 1
7 20 22 16 31 213 260 154 12 1 DHEMUSHIA έঢ˥িশয়া 0 0 3684.20 0 16.08
8 20 22 16 31 213 260 154 07 010 1 AMMARDERA আ̅ারেডরা 0 0 0.00 0 0
8 20 22 16 31 213 260 154 06 021 1 BAZARPARA বাজারপাড়া 0 0 0.00 0 0
8 20 22 16 31 213 260 154 02 032 1 CHHAYKURI TIKKAPARA ছয়Ňিড় িটŐাপাড়া 0 0 0.00 0 0
8 20 22 16 31 213 260 154 09 043 1 DASKHALIPARA দাশখালীপাড়া 0 0 0.00 0 0
8 20 22 16 31 213 260 154 10 074 1 GANDHIPARA গাʆীপাড়া 0 0 0.00 0 0
8 20 22 16 31 213 260 154 01 085 1 HENTALIAPARA έΛতািলয়াপাড়া 0 0 0.00 0 0
8 20 22 16 31 213 260 154 03 106 1 JAMIDARPARA জিমদারপাড়া 0 0 0.00 0 0
3 / 79

-- 4 of 81 --

কাǿ িবভাগ
έকাড
έজলা
έকাড
িসিট
έকাড
উপ/
থানা
έকাড
έপৗর
έকাড
ইউ/
ওয়াǿ
έকাড
(ʔরাতন)
ইউ/
ওয়াǿ
έকাড
(নȣন)
έমৗজা/
মহ̲া
έকাড
(ʔরাতন)
έমৗজা
έকাড
(নȣন)
έজ
এল
নং
Żাম
έকাড
(ʔরাতন)
Żাম/মহ̲া
/*পাড়া
έকাড
(নȣন)
আর
এম ও
έমাট
খɶ
খɶ
নং ˘িম (একের)
নদী
পথ
(একের)
বনাǝল (একের) ধরণ
1 2 3 4 5 6 7 8 9 10 11 12 13 14 15 16 17 18 19 20 21 22
ʚশাসিনক ইউিনেটর নােমর বানান
8 20 22 16 31 213 260 154 08 117 1 KHASPARA খাসপাড়া 0 0 0.00 0 0
8 20 22 16 31 213 260 154 04 138 1 MUSARPARA ˥ছারপাড়া 0 0 0.00 0 0
8 20 22 16 31 213 260 154 05 149 1 NAYAPARA নয়াপাড়া 0 0 0.00 0 0
8 20 22 16 31 213 260 154 12 200 1 SATGHARPARA সাতঘরপাড়া 0 0 0.00 0 0
8 20 22 16 31 213 260 154 11 211 1 TECHCHHIPARA έতিƮপাড়া 0 0 0.00 0 0
6 20 22 16 33 222 DULAHAZARA ǽলাহাজারা 0 0 9795.15 0 5459.16 1
7 20 22 16 33 222 030 070 56 1 BAGACHATAR বগাচতর 0 0 1943.81 0 1579.84	7 20 22 16 33 222 030 070 56 1 BAGACHATAR বগাচতর 0 0 1943.81 0 1579.84
8 20 22 16 33 222 030 070 03 020 1 BAGACHHARI বগাছিড় 0 0 0.00 0 0
8 20 22 16 33 222 030 070 02 131 1 MAGCHHARARJUM মগছড়ারǁম 0 0 0.00 0 0
8 20 22 16 33 222 030 070 01 182 1 RANGMAHAL রংমহল 0 0 0.00 0 0
7 20 22 16 33 222 290 157 59 1 DULAHAZARA ǽলাহাজারা 0 0 2711.79 0 446.72
8 20 22 16 33 222 290 157 08 020 1 BAIRAGIRKHIL ήবরাগীরিখল 0 0 0.00 0 0
8 20 22 16 33 222 290 157 06 021 1 BALURCHAR বা̛রচর 0 0 0.00 0 0
8 20 22 16 33 222 290 157 09 042 1 DAKKHIN HINDUPARA দিţণ িহʂপাড়া 0 0 0.00 0 0
8 20 22 16 33 222 290 157 01 043 1 DUMKHALI ǽমখালী 0 0 0.00 0 0
8 20 22 16 33 222 290 157 02 114 1 KATAKHALI কাটাখালী 0 0 0.00 0 0
8 20 22 16 33 222 290 157 05 135 1 MAIJPARA মাইজপাড়া 0 0 0.00 0 0
8 20 22 16 33 222 290 157 11 136 1 MOULAVIKATA έমৗলভীকাটা 0 0 0.00 0 0
8 20 22 16 33 222 290 157 10 147 1 NAYAPARA নয়াপাড়া 0 0 0.00 0 0
8 20 22 16 33 222 290 157 07 198 1 SHOLAHISYA έষালিহসαা 0 0 0.00 0 0
8 20 22 16 33 222 290 157 03 219 1 ULUBUNIA উ̛ʸিনয়া 0 0 0.00 0 0
8 20 22 16 33 222 290 157 04 220 1 UTTARPARA উȪরপাড়া 0 0 0.00 0 0
7 20 22 16 33 222 704 591 57 1 PAGLIRBIL পাগলীরিবল 0 0 995.84 0 892.77
4 / 79

-- 5 of 81 --

কাǿ িবভাগ
έকাড
έজলা
έকাড
িসিট
έকাড
উপ/
থানা
έকাড
έপৗর
έকাড
ইউ/
ওয়াǿ
έকাড
(ʔরাতন)
ইউ/
ওয়াǿ
έকাড
(নȣন)
έমৗজা/
মহ̲া
έকাড
(ʔরাতন)
έমৗজা
έকাড
(নȣন)
έজ
এল
নং
Żাম
έকাড
(ʔরাতন)
Żাম/মহ̲া
/*পাড়া
έকাড
(নȣন)
আর
এম ও
έমাট
খɶ
খɶ
নং ˘িম (একের)
নদী
পথ
(একের)
বনাǝল (একের) ধরণ
1 2 3 4 5 6 7 8 9 10 11 12 13 14 15 16 17 18 19 20 21 22
ʚশাসিনক ইউিনেটর নােমর বানান
8 20 22 16 33 222 704 591 03 150 1 OLI BAPERJUM অিল বােপরǁম 0 0 0.00 0 0
8 20 22 16 33 222 704 591 01 161 1 PAGLIRBIL পাগলীরিবল 0 0 0.00 0 0
8 20 22 16 33 222 704 591 02 222 1 VILLAGERPARA িভেলজারপাড়া 0 0 0.00 0 0
7 20 22 16 33 222 887 672 55 1 RINGBHANG (PART) িরংভং (অংশ) 2 1 4143.71 0 2539.83
8 20 22 16 33 222 887 672 02 030 1 CHABAGAN চাবাগান 0 0 0.00 0 0
8 20 22 16 33 222 887 672 03 131 1 MALUMGHAT মা̛মঘাট 0 0 0.00 0 0
8 20 22 16 33 222 887 672 01 193 1 SAGIRSHAHKATA ছিগরশাহকাটা 0 0 0.00 0 0	8 20 22 16 33 222 887 672 01 193 1 SAGIRSHAHKATA ছিগরশাহকাটা 0 0 0.00 0 0
6 20 22 16 39 627 PURBA BARA BHEOLA ʕʻ বড় έভওলা 0 0 3654.99 0 0 1
7 20 22 16 39 627 795 600 45 1 PURBA BARA BHEOLA ʕʻ বড় έভওলা 0 0 3654.99 0 0
8 20 22 16 39 627 795 600 08 010 1 ALIR BAPERPARA অিলর বােপরপাড়া 0 0 0.00 0 0
8 20 22 16 39 627 795 600 09 011 1 ANISPARA আিনসপাড়া 0 0 0.00 0 0
8 20 22 16 39 627 795 600 16 022 1 BANIARCHAR বািনয়ারচর 0 0 0.00 0 0
8 20 22 16 39 627 795 600 07 023 1 BRAMHANPARA ʾাΙণপাড়া 0 0 0.00 0 0
8 20 22 16 39 627 795 600 17 024 1 BURIRPARA ʸিড়রপাড়া 0 0 0.00 0 0
8 20 22 16 39 627 795 600 04 035 1 CHARPARA চরপাড়া 0 0 0.00 0 0
8 20 22 16 39 627 795 600 01 056 1 EIDMANIGHONA ঈদমিণেঘানা 0 0 0.00 0 0
8 20 22 16 39 627 795 600 15 067 1 FAZLUR RAHMAN SIKDARPARA ফজ̛র রহমান িসকদারপাড়া 0 0 0.00 0 0
8 20 22 16 39 627 795 600 10 118 1 KABIR BAPERPARA কিবর বােপরপাড়া 0 0 0.00 0 0
8 20 22 16 39 627 795 600 05 119 1 KALAGAZI SIKDARPARA কালাগাজী িসকদারপাড়া 0 0 0.00 0 0
8 20 22 16 39 627 795 600 02 120 1 KASHEM AMIAJIRPARA কােশম আিময়াজীরপাড়া 0 0 0.00 0 0
8 20 22 16 39 627 795 600 14 141 1 MAFIAR BAPERPARA মািফয়ার বােপরপাড়া 0 0 0.00 0 0
8 20 22 16 39 627 795 600 06 142 1 MAIJPARA মাইজপাড়া 0 0 0.00 0 0
8 20 22 16 39 627 795 600 13 143 1 MASUAPARA মাƸয়াপাড়া 0 0 0.00 0 0
5 / 79

-- 6 of 81 --

কাǿ িবভাগ
έকাড
έজলা
έকাড
িসিট
έকাড
উপ/
থানা
έকাড
έপৗর
έকাড
ইউ/
ওয়াǿ
έকাড
(ʔরাতন)
ইউ/
ওয়াǿ
έকাড
(নȣন)
έমৗজা/
মহ̲া
έকাড
(ʔরাতন)
έমৗজা
έকাড
(নȣন)
έজ
এল
নং
Żাম
έকাড
(ʔরাতন)
Żাম/মহ̲া
/*পাড়া
έকাড
(নȣন)
আর
এম ও
έমাট
খɶ
খɶ
নং ˘িম (একের)
নদী
পথ
(একের)
বনাǝল (একের) ধরণ
1 2 3 4 5 6 7 8 9 10 11 12 13 14 15 16 17 18 19 20 21 22
ʚশাসিনক ইউিনেটর নােমর বানান
8 20 22 16 39 627 795 600 18 154 1 NAYAPARA নয়াপাড়া 0 0 0.00 0 0
8 20 22 16 39 627 795 600 12 205 1 SAHEB KHANPARA সােহব খানপাড়া 0 0 0.00 0 0
8 20 22 16 39 627 795 600 11 206 1 SEKANDARPARA έসকাʁরপাড়া 0 0 0.00 0 0
8 20 22 16 39 627 795 600 03 207 1 SIKDARPARA িসকদারপাড়া 0 0 0.00 0 0
6 20 22 16 44 281 FANSIAKHALI ফাঁিসয়াখালী 0 0 3782.75 0 295.84 1
7 20 22 16 44 281 275 155 37 1 DIGAR PANKHALI (PART) িদগর পানখালী (অংশ) 2 1 428.76 0 0
8 20 22 16 44 281 275 155 01 040 1 DIGAR PANKHALI িদগর পানখালী 0 0 0.00 0 0	8 20 22 16 44 281 275 155 01 040 1 DIGAR PANKHALI িদগর পানখালী 0 0 0.00 0 0
7 20 22 16 44 281 321 227 34 1 FANSIAKHALI ফাঁিসয়াখালী 0 0 668.35 0 10.4
8 20 22 16 44 281 321 227 01 060 1 FANSIAKHALI ARMY CAMP ফাঁিসয়াখালী আি˨ কαা˲ 0 0 0.00 0 0
7 20 22 16 44 281 352 263 32 1 GHUNIA ƌিনয়া 0 0 855.19 0 285.44
8 20 22 16 44 281 352 263 01 070 1 GHUNIA ƌিনয়া 0 0 0.00 0 0
7 20 22 16 44 281 367 298 39 1 HAJIAN হাজীয়ান 0 0 113.51 0 0
8 20 22 16 44 281 367 298 01 080 1 HAJIAN হাজীয়ান 0 0 0.00 0 0
7 20 22 16 44 281 780 598 35 1 PUK PUKURIA (PART) ʔক ʔŇিরয়া (অংশ) 2 2 431.09 0 0
8 20 22 16 44 281 780 598 01 160 1 POK PUKURIA έপাক ʔŇিরয়া 0 0 0.00 0 0
7 20 22 16 44 281 841 670 36 1 RAJARBIL রাজারিবল 0 0 276.20 0 0
8 20 22 16 44 281 841 670 01 180 1 RAJARBIL রাজারিবল 0 0 0.00 0 0
7 20 22 16 44 281 887 672 55 1 RINGBHANG (PART) িরংভং (অংশ) 2 2 0.00 0 0
8 20 22 16 44 281 887 672 01 182 1 RINGBHANG িরংভং 0 0 0.00 0 0
7 20 22 16 44 281 979 777 33 1 UCHITARBIL উিচতারিবল 0 0 1009.65 0 0
8 20 22 16 44 281 979 777 04 210 1 UCHITARBIL উিচতারিবল 0 0 0.00 0 0
6 20 22 16 50 348 HARBANG হারবাং 0 0 8512.67 0 4958.64 1
7 20 22 16 50 348 382 299 18 1 HARBANG হারবাং 0 0 8512.67 0 4958.64
6 / 79

-- 7 of 81 --

কাǿ িবভাগ
έকাড
έজলা
έকাড
িসিট
έকাড
উপ/
থানা
έকাড
έপৗর
έকাড
ইউ/
ওয়াǿ
έকাড
(ʔরাতন)
ইউ/
ওয়াǿ
έকাড
(নȣন)
έমৗজা/
মহ̲া
έকাড
(ʔরাতন)
έমৗজা
έকাড
(নȣন)
έজ
এল
নং
Żাম
έকাড
(ʔরাতন)
Żাম/মহ̲া
/*পাড়া
έকাড
(নȣন)
আর
এম ও
έমাট
খɶ
খɶ
নং ˘িম (একের)
নদী
পথ
(একের)
বনাǝল (একের) ধরণ
1 2 3 4 5 6 7 8 9 10 11 12 13 14 15 16 17 18 19 20 21 22
ʚশাসিনক ইউিনেটর নােমর বানান
8 20 22 16 50 348 382 299 35 010 2 ALIPUR আলীʔর 0 0 0.00 0 0
8 20 22 16 50 348 382 299 32 021 2 BAIGHYARPARA বাইঘαারপাড়া 0 0 0.00 0 0
8 20 22 16 50 348 382 299 08 022 1 BAZARPARA বাজারপাড়া 0 0 0.00 0 0
8 20 22 16 50 348 382 299 17 023 1 BRINDABANKHIL ʺʁাবনিখল 0 0 0.00 0 0
8 20 22 16 50 348 382 299 26 044 1 DEBALTALI έডবলতলী 0 0 0.00 0 0
8 20 22 16 50 348 382 299 14 045 1 DHARPARA ধরপাড়া 0 0 0.00 0 0
8 20 22 16 50 348 382 299 25 076 1 GAINAKATA গাইনাকাটা 0 0 0.00 0 0	8 20 22 16 50 348 382 299 25 076 1 GAINAKATA গাইনাকাটা 0 0 0.00 0 0
8 20 22 16 50 348 382 299 22 077 1 GAYALMARA গয়ালমারা 0 0 0.00 0 0
8 20 22 16 50 348 382 299 29 088 2 HACHHIAKATA হািছয়াকাটা 0 0 0.00 0 0
8 20 22 16 50 348 382 299 10 109 1 JAMIDARPARA জিমদারপাড়া 0 0 0.00 0 0
8 20 22 16 50 348 382 299 05 120 1 KALA SIKDARPARA কালা িসকদারপাড়া 0 0 0.00 0 0
8 20 22 16 50 348 382 299 28 121 2 KALAIGHONA কলইেঘানা 0 0 0.00 0 0
8 20 22 16 50 348 382 299 27 122 1 KALATALI কলাতলী 0 0 0.00 0 0
8 20 22 16 50 348 382 299 18 123 1 KARAM MUHURI করম ˥Βরী 0 0 0.00 0 0
8 20 22 16 50 348 382 299 02 124 1 KATAKHALI কাটাখালী 0 0 0.00 0 0
8 20 22 16 50 348 382 299 23 125 1 KATTALI কাǯিল 0 0 0.00 0 0
8 20 22 16 50 348 382 299 07 126 1 KOLALPARA έকালালপাড়া 0 0 0.00 0 0
8 20 22 16 50 348 382 299 24 127 1 KORBANIAGHONA έকারবািনয়ােঘানা 0 0 0.00 0 0
8 20 22 16 50 348 382 299 12 148 1 MACHAN SIKDARPARA মচন িসকদারপাড়া 0 0 0.00 0 0
8 20 22 16 50 348 382 299 04 149 1 MAHAJANPARA মহাজনপাড়া 0 0 0.00 0 0
8 20 22 16 50 348 382 299 33 150 2 MASJIDPARA মসিজদপাড়া 0 0 0.00 0 0
8 20 22 16 50 348 382 299 34 151 2 MUSLIMPARA ˥সিলমপাড়া 0 0 0.00 0 0
8 20 22 16 50 348 382 299 15 162 1 NATHPARA নাথপাড়া 0 0 0.00 0 0
7 / 79

-- 8 of 81 --

কাǿ িবভাগ
έকাড
έজলা
έকাড
িসিট
έকাড
উপ/
থানা
έকাড
έপৗর
έকাড
ইউ/
ওয়াǿ
έকাড
(ʔরাতন)
ইউ/
ওয়াǿ
έকাড
(নȣন)
έমৗজা/
মহ̲া
έকাড
(ʔরাতন)
έমৗজা
έকাড
(নȣন)
έজ
এল
নং
Żাম
έকাড
(ʔরাতন)
Żাম/মহ̲া
/*পাড়া
έকাড
(নȣন)
আর
এম ও
έমাট
খɶ
খɶ
নং ˘িম (একের)
নদী
পথ
(একের)
বনাǝল (একের) ধরণ
1 2 3 4 5 6 7 8 9 10 11 12 13 14 15 16 17 18 19 20 21 22
ʚশাসিনক ইউিনেটর নােমর বানান
8 20 22 16 50 348 382 299 03 163 1 NAYAPARA নয়াপাড়া 0 0 0.00 0 0
8 20 22 16 50 348 382 299 01 184 1 PAHARTALI পাহাড়তলী 0 0 0.00 0 0
8 20 22 16 50 348 382 299 09 185 1 PALPARA পালপাড়া 0 0 0.00 0 0
8 20 22 16 50 348 382 299 11 186 1 PASHCHIM BARUAPARA পি̽ম বΞয়াপাড়া 0 0 0.00 0 0
8 20 22 16 50 348 382 299 30 187 2 PATAKHOLA পাতােখালা 0 0 0.00 0 0
8 20 22 16 50 348 382 299 16 188 1 PURBA KILLARPARA ʕʻ িক̲ারপাড়া 0 0 0.00 0 0
8 20 22 16 50 348 382 299 31 209 2 ROSAINGGAPARA έরাসাইƝাপাড়া 0 0 0.00 0 0	8 20 22 16 50 348 382 299 31 209 2 ROSAINGGAPARA έরাসাইƝাপাড়া 0 0 0.00 0 0
8 20 22 16 50 348 382 299 19 220 1 SABANGHATA সাবানঘাটা 0 0 0.00 0 0
8 20 22 16 50 348 382 299 06 221 1 SIKDARPARA িসকদারপাড়া 0 0 0.00 0 0
8 20 22 16 50 348 382 299 13 222 1 STATIONPARA έ͵শনপাড়া 0 0 0.00 0 0
8 20 22 16 50 348 382 299 20 243 1 UTTAR BARUAPARA উȪর বΞয়াপাড়া 0 0 0.00 0 0
8 20 22 16 50 348 382 299 21 254 1 VILLAGERPARA িভেলজারপাড়া 0 0 0.00 0 0
6 20 22 16 55 457 KAKARA কাকারা 0 0 5455.53 0 3064.47 1
7 20 22 16 55 457 443 404 26 1 KAKARA (PART) কাকারা (অংশ) 2 1 5059.62 0 2255.86
8 20 22 16 55 457 443 404 03 040 1 DAKKHIN KAKARA দিţণ কাকারা 0 0 0.00 0 0
8 20 22 16 55 457 443 404 05 005 1 PURBA KAKARA ʕʻ কাকারা 0 0 0.00 0 0
8 20 22 16 55 457 443 404 06 006 1 PAHARTALI পাহাড়তলী 0 0 0.00 0 0
8 20 22 16 55 457 443 404 01 131 1 MAIJ KAKARA মাইজ কাকারা 0 0 0.00 0 0
8 20 22 16 55 457 443 404 02 162 1 PROPER KAKARA ʚপার কাকারা 0 0 0.00 0 0
8 20 22 16 55 457 443 404 04 193 1 KULALPARA Ňলালপাড়া 0 0 0.00 0 0
7 20 22 16 55 457 596 450 38 1 LOTANI έলাটনী 0 0 395.91 0 0
8 20 22 16 55 457 596 450 01 120 1 LOTANI έলাটনী 0 0 0.00 0 0
7 20 22 16 55 457 673 002 25 1 NALBILA (PART) নলিবলা (অংশ) 2 2 0.00 0 0
8 / 79

-- 9 of 81 --

কাǿ িবভাগ
έকাড
έজলা
έকাড
িসিট
έকাড
উপ/
থানা
έকাড
έপৗর
έকাড
ইউ/
ওয়াǿ
έকাড
(ʔরাতন)
ইউ/
ওয়াǿ
έকাড
(নȣন)
έমৗজা/
মহ̲া
έকাড
(ʔরাতন)
έমৗজা
έকাড
(নȣন)
έজ
এল
নং
Żাম
έকাড
(ʔরাতন)
Żাম/মহ̲া
/*পাড়া
έকাড
(নȣন)
আর
এম ও
έমাট
খɶ
খɶ
নং ˘িম (একের)
নদী
পথ
(একের)
বনাǝল (একের) ধরণ
1 2 3 4 5 6 7 8 9 10 11 12 13 14 15 16 17 18 19 20 21 22
ʚশাসিনক ইউিনেটর নােমর বানান
8 20 22 16 55 457 673 002 01 001 1 SAKAR MOHAMMAD PARA সাকার έমাহা̅দ পাড়া 0 0 0.00 0 0
8 20 22 16 55 457 673 002 02 002 1 NALBILA নলিবলা 0 0 0.00 0 0
6 20 22 16 61 448 KAIYARBIL ήকয়ারিবল 0 0 2072.08 0 0.38 1
7 20 22 16 61 448 229 116 21 1 CHHOTA BHEOLA έছাট έভওলা 0 0 230.75 0 0
8 20 22 16 61 448 229 116 01 030 1 CHHOTA BHEOLA έছাট έভওলা 0 0 0.00 0 0
7 20 22 16 61 448 428 403 23 1 KAIYARBIL ήকয়ারিবল 0 0 1068.44 0 0.38
8 20 22 16 61 448 428 403 06 020 1 BANIAKUM বািনয়াŇম 0 0 0.00 0 0	8 20 22 16 61 448 428 403 06 020 1 BANIAKUM বািনয়াŇম 0 0 0.00 0 0
8 20 22 16 61 448 428 403 05 021 1 BHARANYARCHAR ভরণαারচর 0 0 0.00 0 0
8 20 22 16 61 448 428 403 03 032 1 CHHOALIAPARA έছায়ািলয়াপাড়া 0 0 0.00 0 0
8 20 22 16 61 448 428 403 02 043 1 DWIPKUL ɖীপňল 0 0 0.00 0 0
8 20 22 16 61 448 428 403 04 084 1 HAMIDULLAH SIKDARPARA হািমɃ̲াহ িসকদারপাড়া 0 0 0.00 0 0
8 20 22 16 61 448 428 403 07 095 1 ISLAMNAGAR ইসলামনগর 0 0 0.00 0 0
8 20 22 16 61 448 428 403 01 116 1 KAIYARBIL ήকয়ারিবল 0 0 0.00 0 0
7 20 22 16 61 448 489 407 20 1 KHIL SADEK িখল ছােদক 0 0 434.70 0 0
8 20 22 16 61 448 489 407 02 040 1 DAKKHIN KHILSADEK দিţণ িখলছােদক 0 0 0.00 0 0
8 20 22 16 61 448 489 407 01 211 1 UTTAR KHILSADEK উȪর িখলছােদক 0 0 0.00 0 0
7 20 22 16 61 448 520 409 22 1 KHOJAKHALI έখাজাখালী 0 0 338.10 0 0
8 20 22 16 61 448 520 409 02 080 1 HASIMARKATA হািসমারকাটা 0 0 0.00 0 0
8 20 22 16 61 448 520 409 01 111 1 KHOJAKHALI έখাজাখালী 0 0 0.00 0 0
6 20 22 16 67 466 KHUTAKHALI ŭটাখালী 0 0 10120.45 0 2341.82 1
7 20 22 16 67 466 045 071 60 1 BAHALTALI বহলতিল 0 0 4401.28 0 0.0027
8 20 22 16 67 466 045 071 02 040 1 DAKKHIN BAHALTALI দিţণ বহলতিল 0 0 0.00 0 0
8 20 22 16 67 466 045 071 01 211 1 UTTAR BAHALTALI উȪর বহলতিল 0 0 0.00 0 0
9 / 79

-- 10 of 81 --

কাǿ িবভাগ
έকাড
έজলা
έকাড
িসিট
έকাড
উপ/
থানা
έকাড
έপৗর
έকাড
ইউ/
ওয়াǿ
έকাড
(ʔরাতন)
ইউ/
ওয়াǿ
έকাড
(নȣন)
έমৗজা/
মহ̲া
έকাড
(ʔরাতন)
έমৗজা
έকাড
(নȣন)
έজ
এল
নং
Żাম
έকাড
(ʔরাতন)
Żাম/মহ̲া
/*পাড়া
έকাড
(নȣন)
আর
এম ও
έমাট
খɶ
খɶ
নং ˘িম (একের)
নদী
পথ
(একের)
বনাǝল (একের) ধরণ
1 2 3 4 5 6 7 8 9 10 11 12 13 14 15 16 17 18 19 20 21 22
ʚশাসিনক ইউিনেটর নােমর বানান
7 20 22 16 67 466 336 228 61 1 FULCHHARI ʫলছিড় 0 0 2473.19 0 558
8 20 22 16 67 466 336 228 07 020 1 BANSHKATIA বাঁশকািটয়া 0 0 0.00 0 0
8 20 22 16 67 466 336 228 03 071 1 GARUR LUTAPARA গ̓র ̛ টাপাড়া 0 0 0.00 0 0
8 20 22 16 67 466 336 228 09 102 1 JAINYAKATA ήজনαাকাটা 0 0 0.00 0 0
8 20 22 16 67 466 336 228 01 113 1 KACHIKATA কিচকাটা 0 0 0.00 0 0
8 20 22 16 67 466 336 228 04 114 1 KATALIAPARA কাটািলয়াপাড়া 0 0 0.00 0 0
8 20 22 16 67 466 336 228 02 135 1 MUHURIGHONA ˥Βরীেঘানা 0 0 0.00 0 0	8 20 22 16 67 466 336 228 02 135 1 MUHURIGHONA ˥Βরীেঘানা 0 0 0.00 0 0
8 20 22 16 67 466 336 228 05 166 1 PASHCHIM NAYAPARA পি̽ম নয়াপাড়া 0 0 0.00 0 0
8 20 22 16 67 466 336 228 06 167 1 PURBA NAYAPARA ʕʻ নয়াপাড়া 0 0 0.00 0 0
8 20 22 16 67 466 336 228 08 198 1 SHIAPARA িশয়াপাড়া 0 0 0.00 0 0
7 20 22 16 67 466 535 410 62 1 KHUTAKHALI ŭটাখালী 0 0 885.39 0 117.79
8 20 22 16 67 466 535 410 02 020 1 BAKKUMPARA বাőমপাড়া 0 0 0.00 0 0
8 20 22 16 67 466 535 410 09 041 1 DAKKHIN KHUTAKHALI দিţণ ŭটাখালী 0 0 0.00 0 0
8 20 22 16 67 466 535 410 05 062 1 FOREST OFFICE PARA ফের͵ অিফস পাড়া 0 0 0.00 0 0
8 20 22 16 67 466 535 410 04 073 1 GARJANTALI গǄনতলী 0 0 0.00 0 0
8 20 22 16 67 466 535 410 12 084 1 HARIKHOLA হিরেখালা 0 0 0.00 0 0
8 20 22 16 67 466 535 410 06 105 1 JOYNAGARPARA জয়নগরপাড়া 0 0 0.00 0 0
8 20 22 16 67 466 535 410 08 116 1 KHUTAKHALI BAZAR ŭটাখালী বাজার 0 0 0.00 0 0
8 20 22 16 67 466 535 410 10 137 1 MADHYA KHUTAKHALI মধα ŭটাখালী 0 0 0.00 0 0
8 20 22 16 67 466 535 410 03 148 1 NALBUNIA নলʸিনয়া 0 0 0.00 0 0
8 20 22 16 67 466 535 410 07 169 1 PURBA KHUTAKALI ʕʻ ŭটাখালী 0 0 0.00 0 0
8 20 22 16 67 466 535 410 11 200 1 SEGUNBAGICHA έসŶনবািগচা 0 0 0.00 0 0
8 20 22 16 67 466 535 410 01 221 1 UTTAR KHUTAKHALI উȪর ŭটাখালী 0 0 0.00 0 0
10 / 79

-- 11 of 81 --

কাǿ িবভাগ
έকাড
έজলা
έকাড
িসিট
έকাড
উপ/
থানা
έকাড
έপৗর
έকাড
ইউ/
ওয়াǿ
έকাড
(ʔরাতন)
ইউ/
ওয়াǿ
έকাড
(নȣন)
έমৗজা/
মহ̲া
έকাড
(ʔরাতন)
έমৗজা
έকাড
(নȣন)
έজ
এল
নং
Żাম
έকাড
(ʔরাতন)
Żাম/মহ̲া
/*পাড়া
έকাড
(নȣন)
আর
এম ও
έমাট
খɶ
খɶ
নং ˘িম (একের)
নদী
পথ
(একের)
বনাǝল (একের) ধরণ
1 2 3 4 5 6 7 8 9 10 11 12 13 14 15 16 17 18 19 20 21 22
ʚশাসিনক ইউিনেটর নােমর বানান
7 20 22 16 67 466 642 486 58 1 MEDHA KACHCHHAPIA έমধা কƮিপয়া 0 0 2025.89 0 775.44
8 20 22 16 67 466 642 486 02 040 1 DAKKHIN MEDHA KACHCHHAPIA দিţণ έমধা কƮিপয়া 0 0 0.00 0 0
8 20 22 16 67 466 642 486 05 081 1 HAJIPARA হাজীপাড়া 0 0 0.00 0 0
8 20 22 16 67 466 642 486 04 082 1 HENTALIAPARA έΛতািলয়াপাড়া 0 0 0.00 0 0
8 20 22 16 67 466 642 486 03 163 1 PAGLIRBIL পাগলীরিবল 0 0 0.00 0 0
8 20 22 16 67 466 642 486 06 194 1 SCHOOL PAHAR	ͮ	 ল পাহাড় 0 0 0.00 0 0
8 20 22 16 67 466 642 486 01 215 1 UTTAR MEDHA KACHCHAPIA উȪর έমধা কƮিপয়া 0 0 0.00 0 0
7 20 22 16 67 466 811 601 64 1 PURNAGRAM ʕȐŻাম 0 0 334.70 0 890.59
8 20 22 16 67 466 811 601 01 160 1 PURNAGRAM ʕȐŻাম 0 0 0.00 0 0
6 20 22 16 69 475 KONAKHALI έকানাখালী 0 0 2480.46 0 0 1
7 20 22 16 69 475 566 412 13 1 KONAKHALIR GHONA έকানাখালীর έঘানা 0 0 2480.46 0 0
8 20 22 16 69 475 566 412 06 010 1 ABDUL HAKIM BAPERPARA আ˃ল হািকম বােপরপাড়া 0 0 0.00 0 0
8 20 22 16 69 475 566 412 01 031 1 CHARAPARA চড়াপাড়া 0 0 0.00 0 0
8 20 22 16 69 475 566 412 09 102 1 JANGALKATA জƝলকাটা 0 0 0.00 0 0
8 20 22 16 69 475 566 412 03 113 1 KUTUBDIAPARA Ňȣবিদয়াপাড়া 0 0 0.00 0 0
8 20 22 16 69 475 566 412 04 124 1 LATABUNIAPARA লতাʸিনয়াপাড়া 0 0 0.00 0 0
8 20 22 16 69 475 566 412 07 135 1 MARANGGHONA মরংেঘানা 0 0 0.00 0 0
8 20 22 16 69 475 566 412 02 146 1 NATUN GHONA নȣন έঘানা 0 0 0.00 0 0
8 20 22 16 69 475 566 412 05 167 1 PURBA KONAKHALI SIKDARPARA ʕʻ έকানাখালী িসকদারপাড়া 0 0 0.00 0 0
8 20 22 16 69 475 566 412 08 168 1 PUROHITYAKHALI ʔেরািহতαাখালী 0 0 0.00 0 0
6 20 22 16 72 485 LAKKHYARCHAR লţαারচর 0 0 1889.26 0 366.24 1
11 / 79

-- 12 of 81 --

কাǿ িবভাগ
έকাড
έজলা
έকাড
িসিট
έকাড
উপ/
থানা
έকাড
έপৗর
έকাড
ইউ/
ওয়াǿ
έকাড
(ʔরাতন)
ইউ/
ওয়াǿ
έকাড
(নȣন)
έমৗজা/
মহ̲া
έকাড
(ʔরাতন)
έমৗজা
έকাড
(নȣন)
έজ
এল
নং
Żাম
έকাড
(ʔরাতন)
Żাম/মহ̲া
/*পাড়া
έকাড
(নȣন)
আর
এম ও
έমাট
খɶ
খɶ
নং ˘িম (একের)
নদী
পথ
(একের)
বনাǝল (একের) ধরণ
1 2 3 4 5 6 7 8 9 10 11 12 13 14 15 16 17 18 19 20 21 22
ʚশাসিনক ইউিনেটর নােমর বানান
7 20 22 16 72 485 581 449 24 1 LAKKHYARCHAR (PART) লţαারচর (অংশ) 3 3 1220.76 0 0
8 20 22 16 72 485 581 449 01 210 1 UTTAR LAKKHYARCHAR উȪর লţαারচর 0 0 0.00 0 0
7 20 22 16 72 485 673 521 25 1 NALBILA নলিবলা 0 0 668.50 0 366.24
8 20 22 16 72 485 673 521 01 140 1 NALBILA নলিবলা 0 0 0.00 0 0
6 20 22 16 80 719 SAHARBIL সাহারিবল 0 0 9721.08 0 8774.78 1
7 20 22 16 80 719 750 596 46 1 PASHCHIM BARA BHEOLA (PART) পি̽ম বড় έভওলা (অংশ) 2 2 0.00 0 0
8 20 22 16 80 719 750 596 02 070 1 GURUNYAKATAPARA Ŷ̓নαাকাটাপাড়া 0 0 0.00 0 0
8 20 22 16 80 719 750 596 01 111 1 KORALKHALI έকারালখালী 0 0 0.00 0 0
7 20 22 16 80 719 795 599 45 1 PURBA BARA BEHOLA (PART) ʕʻ বড় έভওলা (অংশ) 2 2 0.00 0 0
8 20 22 16 80 719 795 599 01 010 1 ABDUL JABBAR SIKDARPARA আ˃ল জˊার িসকদারপাড়া 0 0 0.00 0 0
8 20 22 16 80 719 795 599 03 061 1 FARIRTORA ফিড়রেতাড়া 0 0 0.00 0 0
8 20 22 16 80 719 795 599 02 112 1 KECHKECHIRPARA έকচেকিচরপাড়া 0 0 0.00 0 0
8 20 22 16 80 719 795 599 04 193 1 SAHARBILPARA সাহারিবলপাড়া 0 0 0.00 0 0
7 20 22 16 80 719 857 671 47 1 RAMPUR রামʔর 0 0 9467.35 0 8774.78
8 20 22 16 80 719 857 671 01 180 1 RAMPUR রামʔর 0 0 0.00 0 0
7 20 22 16 80 719 903 707 44 1 SAHARGHONA সাহারেঘানা 0 0 253.73 0 0
8 20 22 16 80 719 903 707 02 130 1 MAIJGHONA মাইজেঘানা 0 0 0.00 0 0
8 20 22 16 80 719 903 707 01 191 1 SAHARGHONA সাহারেঘানা 0 0 0.00 0 0
6 20 22 16 87 728 SURAJPUR MANIKPUR	ͦ	 রাজʔর মািনকʔর 0 0 7819.90 0 1736.38 1
7 20 22 16 87 728 306 226 27 1 FAITANG ফাইতং 2 2 917.81 0 442.37
8 20 22 16 87 728 306 226 01 060 1 FAITANG ফাইতং 0 0 0.00 0 0
7 20 22 16 87 728 627 485 30 1 MANIKPUR মািনকʔর 0 0 1686.97 0 507.77
12 / 79

-- 13 of 81 --

কাǿ িবভাগ
έকাড
έজলা
έকাড
িসিট
έকাড
উপ/
থানা
έকাড
έপৗর
έকাড
ইউ/
ওয়াǿ
έকাড
(ʔরাতন)
ইউ/
ওয়াǿ
έকাড
(নȣন)
έমৗজা/
মহ̲া
έকাড
(ʔরাতন)
έমৗজা
έকাড
(নȣন)
έজ
এল
নং
Żাম
έকাড
(ʔরাতন)
Żাম/মহ̲া
/*পাড়া
έকাড
(নȣন)
আর
এম ও
έমাট
খɶ
খɶ
নং ˘িম (একের)
নদী
পথ
(একের)
বনাǝল (একের) ধরণ
1 2 3 4 5 6 7 8 9 10 11 12 13 14 15 16 17 18 19 20 21 22
ʚশাসিনক ইউিনেটর নােমর বানান
8 20 22 16 87 728 627 485 01 130 1 MANIKPUR মািনকʔর 0 0 0.00 0 0
7 20 22 16 87 728 949 708 31 1 SURAJPUR	ͦ	 রাজʔর 0 0 5215.12 0 786.24
8 20 22 16 87 728 949 708 02 020 1 BAMONKATA বামনকাটা 0 0 0.00 0 0
8 20 22 16 87 728 949 708 03 111 1 KAIYARBILPARA ήকয়ারিবলপাড়া 0 0 0.00 0 0
8 20 22 16 87 728 949 708 05 132 1 MAGPARABIL মগপাড়ািবল 0 0 0.00 0 0
8 20 22 16 87 728 949 708 04 143 1 NAYAPARA নয়াপাড়া 0 0 0.00 0 0
8 20 22 16 87 728 949 708 01 194 1 SURAJPUR	ͦ	 রাজʔর 0 0 0.00 0 0	8 20 22 16 87 728 949 708 01 194 1 SURAJPUR	ͦ	 রাজʔর 0 0 0.00 0 0
8 20 22 16 87 728 949 708 06 225 1 VILLAGERPARA িভেলজারপাড়া 0 0 0.00 0 0
6 20 22 16 94 618 PASHCHIM BARA BHEOLA পি̽ম বড় έভওলা 0 0 6547.04 0 0 1
7 20 22 16 94 618 750 595 46 1 PASHCHIM BARA BHEOLA (PART) পি̽ম বড় έভওলা (অংশ) 2 1 6547.04 0 0
8 20 22 16 94 618 750 595 03 030 1 CHOARFARI έচায়ারফািড় 0 0 0.00 0 0
8 20 22 16 94 618 750 595 02 161 1 PASHCHIM DARBESHKATA পি̽ম দরেবশকাটা 0 0 0.00 0 0
8 20 22 16 94 618 750 595 01 162 1 PURBA DARBESHKATA ʕʻ দরেবশকাটা 0 0 0.00 0 0
5 20 22 16 33 CHAKARIA POURASABHA চকিরয়া έপৗরসভা 3929.25 0 0 1
6 20 22 16 33 01 001 WARD NO. 01 ওয়াǿ নং ০১ 0 0 454.50 0 0 2
7 20 22 16 33 01 001 410 447 24 2 LAKKHYARCHAR (PART) লţαারচর (অংশ) 3 1 454.50 0 0
8 20 22 16 33 01 001 410 447 120 2 LAKKHYARCHAR (PART) লţαারচর (অংশ) 0 0 0.00 0 0
6 20 22 16 33 02 002 WARD NO. 02 ওয়াǿ নং ০২ 0 0 249.44 0 0 2
7 20 22 16 33 02 002 290 117 42 2 CHIRINGGA (PART) িচিরƝা (অংশ) 4 1 39.00 0 0
8 20 22 16 33 02 002 290 117 030 2 CHIRINGGA (PART) িচিরƝা (অংশ) 0 0 0.00 0 0
7 20 22 16 33 02 002 443 405 26 2 KAKARA (PART) কাকারা (অংশ) 2 2 210.44 0 0
8 20 22 16 33 02 002 443 405 110 2 KAKARA (PART) কাকারা (অংশ) 0 0 0.00 0 0
13 / 79

-- 14 of 81 --

কাǿ িবভাগ
έকাড
έজলা
έকাড
িসিট
έকাড
উপ/
থানা
έকাড
έপৗর
έকাড
ইউ/
ওয়াǿ
έকাড
(ʔরাতন)
ইউ/
ওয়াǿ
έকাড
(নȣন)
έমৗজা/
মহ̲া
έকাড
(ʔরাতন)
έমৗজা
έকাড
(নȣন)
έজ
এল
নং
Żাম
έকাড
(ʔরাতন)
Żাম/মহ̲া
/*পাড়া
έকাড
(নȣন)
আর
এম ও
έমাট
খɶ
খɶ
নং ˘িম (একের)
নদী
পথ
(একের)
বনাǝল (একের) ধরণ
1 2 3 4 5 6 7 8 9 10 11 12 13 14 15 16 17 18 19 20 21 22
ʚশাসিনক ইউিনেটর নােমর বানান
6 20 22 16 33 03 003 WARD NO. 03 ওয়াǿ নং ০৩ 0 0 590.83 0 0 2
7 20 22 16 33 03 003 120 074 43 2 BATAKHALI (PART) বাটাখালী (অংশ) 2 1 400.00 0 0
8 20 22 16 33 03 003 120 074 020 2 BATAKHALI (PART) বাটাখালী (অংশ) 0 0 0.00 0 0
7 20 22 16 33 03 003 160 448 24 2 LAKKHYARCHAR (PART) লţαারচর (অংশ) 3 2 10.00 0 0
8 20 22 16 33 03 003 160 448 120 2 LAKKHYARCHAR (PART) লţαারচর (অংশ) 0 0 0.00 0 0
7 20 22 16 33 03 003 290 118 42 2 CHIRINGGA (PART) িচিরƝা (অংশ) 4 2 180.83 0 0
8 20 22 16 33 03 003 290 118 030 2 CHIRINGGA (PART) িচিরƝা (অংশ) 0 0 0.00 0 0	8 20 22 16 33 03 003 290 118 030 2 CHIRINGGA (PART) িচিরƝা (অংশ) 0 0 0.00 0 0
6 20 22 16 33 04 004 WARD NO. 04 ওয়াǿ নং ০৪ 0 0 478.52 0 0 2
7 20 22 16 33 04 004 120 074 43 2 BATAKHALI (PART) বাটাখালী (অংশ) 2 2 0.00 0 0
8 20 22 16 33 04 004 120 074 021 2 BATAKHALI (PART) বাটাখালী (অংশ) 0 0 0.00 0 0
7 20 22 16 33 04 004 160 076 50 2 BHARAMUHURI (PART) ভরা˥Βরী (অংশ) 2 1 478.52 0 0
8 20 22 16 33 04 004 160 076 020 2 BHARAMUHURI (PART) ভরা˥Βরী (অংশ) 0 0 0.00 0 0
7 20 22 16 33 04 004 290 119 42 2 CHIRINGGA (PART) িচিরƝা (অংশ) 4 3 0.00 0 0
8 20 22 16 33 04 004 290 119 030 2 CHIRINGGA (PART) িচিরƝা (অংশ) 0 0 0.00 0 0
6 20 22 16 33 05 005 WARD NO. 05 ওয়াǿ নং ০৫ 0 0 500.00 0 0 2
7 20 22 16 33 05 005 395 402 49 2 KAHARIAGHONA (PART) কাহািরয়ােঘানা (অংশ) 2 1 268.35 0 0
8 20 22 16 33 05 005 395 402 110 2 KAHARIAGHONA (PART) কাহািরয়ােঘানা (অংশ) 0 0 0.00 0 0
7 20 22 16 33 05 005 459 406 48 2 KARIAGHONA কিরয়ােঘানা 0 0 211.65 0 0
8 20 22 16 33 05 005 459 406 110 2 KARIAGHONA (PART) কিরয়ােঘানা (অংশ) 0 0 0.00 0 0
6 20 22 16 33 06 006 WARD NO. 06 ওয়াǿ নং ০৬ 0 0 511.31 0 0 2
7 20 22 16 33 06 006 160 076 50 2 BHARAMUHURI (PART) ভরা˥Βরী (অংশ) 2 2 100.00 0 0
8 20 22 16 33 06 006 160 076 021 2 BHARAMUHURI (PART) ভরা˥Βরী (অংশ) 0 0 0.00 0 0
7 20 22 16 33 06 006 395 402 49 2 KAHARIAGHONA (PART) কাহািরয়ােঘানা (অংশ) 2 2 200.00 0 0
14 / 79

-- 15 of 81 --

কাǿ িবভাগ
έকাড
έজলা
έকাড
িসিট
έকাড
উপ/
থানা
έকাড
έপৗর
έকাড
ইউ/
ওয়াǿ
έকাড
(ʔরাতন)
ইউ/
ওয়াǿ
έকাড
(নȣন)
έমৗজা/
মহ̲া
έকাড
(ʔরাতন)
έমৗজা
έকাড
(নȣন)
έজ
এল
নং
Żাম
έকাড
(ʔরাতন)
Żাম/মহ̲া
/*পাড়া
έকাড
(নȣন)
আর
এম ও
έমাট
খɶ
খɶ
নং ˘িম (একের)
নদী
পথ
(একের)
বনাǝল (একের) ধরণ
1 2 3 4 5 6 7 8 9 10 11 12 13 14 15 16 17 18 19 20 21 22
ʚশাসিনক ইউিনেটর নােমর বানান
8 20 22 16 33 06 006 395 402 111 2 KAHARIAGHONA (PART) কাহািরয়ােঘানা (অংশ) 0 0 0.00 0 0
7 20 22 16 33 06 006 710 522 52 2 NIJ PANKHALI (PART) িনজ পানখালী (অংশ) 3 1 211.31 0 0
8 20 22 16 33 06 006 710 522 140 2 NIJ PANKHALI (PART) িনজ পানখালী (অংশ) 0 0 0.00 0 0
6 20 22 16 33 07 007 WARD NO. 07 ওয়াǿ নং ০৭ 0 0 383.35 0 0 2
7 20 22 16 33 07 007 200 079 51 2 BINAMARA িবনামারা 0 0 200.00 0 0
8 20 22 16 33 07 007 200 079 020 2 BINAMARA (PART) িবনামারা (অংশ) 0 0 0.00 0 0
7 20 22 16 33 07 007 400 594 53 2 PALAKATA (PART) পালাকাটা (অংশ) 2 2 183.34 0 0	7 20 22 16 33 07 007 400 594 53 2 PALAKATA (PART) পালাকাটা (অংশ) 2 2 183.34 0 0
8 20 22 16 33 07 007 400 594 160 2 PALAKATA (PART) পালাকাটা (অংশ) 0 0 0.00 0 0
7 20 22 16 33 07 007 710 522 52 2 NIJ PANKHALI (PART) িনজ পানখালী (অংশ) 3 2 90.00 0 0
8 20 22 16 33 07 007 710 522 141 2 NIJ PANKHALI (PART) িনজ পানখালী (অংশ) 0 0 0.00 0 0
6 20 22 16 33 08 008 WARD NO. 08 ওয়াǿ নং ০৮ 0 0 460.65 0 0 2
7 20 22 16 33 08 008 290 115 42 2 CHIRINGGA (PART) িচিরƝা (অংশ) 4 4 10.00 0 0
8 20 22 16 33 08 008 290 115 030 2 CHIRINGGA (PART) িচিরƝা (অংশ) 0 0 0.00 0 0
7 20 22 16 33 08 008 400 411 41 2 KOCHPARA έকাচপাড়া 0 0 250.00 0 0
8 20 22 16 33 08 008 400 411 110 2 KOCHPARA έকাচপাড়া 0 0 0.00 0 0
7 20 22 16 33 08 008 425 408 40 2 KHOAZNAGAR έখায়াজনগর 0 0 200.65 0 0
8 20 22 16 33 08 008 425 408 110 2 KHOAZNAGAR έখায়াজনগর 0 0 0.00 0 0
6 20 22 16 33 09 009 WARD NO. 09 ওয়াǿ নং ০৯ 0 0 300.65 0 0 2
7 20 22 16 33 09 009 275 156 37 2 DIGAR PANKHALI (PART) িদগর পানখালী (অংশ) 2 2 110.65 0 0
8 20 22 16 33 09 009 275 156 040 2 DIGAR PANKHALI (PART) িদগর পানখালী (অংশ) 0 0 0.00 0 0
7 20 22 16 33 09 009 660 597 35 2 POK POKURIA (PART) έপাক ʔŇিরয়া (অংশ) 2 1 190.00 0 0
8 20 22 16 33 09 009 660 597 160 2 POK POKURIA έপাক ʔŇিরয়া 0 0 0.00 0 0
7 20 22 16 33 09 009 710 522 52 2 NIJ PANKHALI (PART) িনজ পানখালী (অংশ) 3 3 100.00 0 0
15 / 79

-- 16 of 81 --

কাǿ িবভাগ
έকাড
έজলা
έকাড
িসিট
έকাড
উপ/
থানা
έকাড
έপৗর
έকাড
ইউ/
ওয়াǿ
έকাড
(ʔরাতন)
ইউ/
ওয়াǿ
έকাড
(নȣন)
έমৗজা/
মহ̲া
έকাড
(ʔরাতন)
έমৗজা
έকাড
(নȣন)
έজ
এল
নং
Żাম
έকাড
(ʔরাতন)
Żাম/মহ̲া
/*পাড়া
έকাড
(নȣন)
আর
এম ও
έমাট
খɶ
খɶ
নং ˘িম (একের)
নদী
পথ
(একের)
বনাǝল (একের) ধরণ
1 2 3 4 5 6 7 8 9 10 11 12 13 14 15 16 17 18 19 20 21 22
ʚশাসিনক ইউিনেটর নােমর বানান
8 20 22 16 33 09 009 710 522 142 2 NIJ PANKHALI (PART) িনজ পানখালী (অংশ) 0 0 0.00 0 0
4 20 22 24 COX'S BAZAR SADAR কŨবাজার সদর 50264.03 0 11231.01 1
6 20 22 24 20 142 BHARUAKHALI ভা̓য়াখালী 0 0 3786.87 0 661.66 1
7 20 22 24 20 142 052 073 12 1 BHARUAKHALI ভা̓য়াখালী 0 0 3786.87 0 661.66
8 20 22 24 20 142 052 073 06 020 1 BAIDYERMURA ήবেদαর˥ড়া 0 0 0.00 0 0
8 20 22 24 20 142 052 073 12 021 1 BANIAPARA বািনয়াপাড়া 0 0 0.00 0 0
8 20 22 24 20 142 052 073 14 022 1 BARA CHOWDHURYPARA বড় έচৗɡরীপাড়া 0 0 0.00 0 0	8 20 22 24 20 142 052 073 14 022 1 BARA CHOWDHURYPARA বড় έচৗɡরীপাড়া 0 0 0.00 0 0
8 20 22 24 20 142 052 073 07 033 1 CHAIGYAMURA চাইগαা˥ড়া 0 0 0.00 0 0
8 20 22 24 20 142 052 073 09 034 1 CHANDERPARA চােʁরপাড়া 0 0 0.00 0 0
8 20 22 24 20 142 052 073 17 035 1 CHHOTA CHOWDHURYPARA έছাট έচৗɡরীপাড়া 0 0 0.00 0 0
8 20 22 24 20 142 052 073 11 036 1 CHOUCHULAMURA έচৗƥলা˥ড়া 0 0 0.00 0 0
8 20 22 24 20 142 052 073 02 047 1 DAKKHINPARA দিţণপাড়া 0 0 0.00 0 0
8 20 22 24 20 142 052 073 13 078 1 GHONARPARA έঘানারপাড়া 0 0 0.00 0 0
8 20 22 24 20 142 052 073 08 089 1 HAJIRPARA হাজীরপাড়া 0 0 0.00 0 0
8 20 22 24 20 142 052 073 04 120 1 KARIM SIKDARPARA কিরম িসকদারপাড়া 0 0 0.00 0 0
8 20 22 24 20 142 052 073 10 141 1 MASHARAFPARA মশরফপাড়া 0 0 0.00 0 0
8 20 22 24 20 142 052 073 05 142 1 MURAPARA ˥ড়াপাড়া 0 0 0.00 0 0
8 20 22 24 20 142 052 073 15 153 1 NANAMIAPARA ননািময়াপাড়া 0 0 0.00 0 0
8 20 22 24 20 142 052 073 18 154 1 NATUNPARA নȣনপাড়া 0 0 0.00 0 0
8 20 22 24 20 142 052 073 03 175 1 PASHCHIMPARA পি̽মপাড়া 0 0 0.00 0 0
8 20 22 24 20 142 052 073 01 206 1 SABEKPARA সােবকপাড়া 0 0 0.00 0 0
8 20 22 24 20 142 052 073 19 207 1 SAWDAGARPARA সওদাগরপাড়া 0 0 0.00 0 0
8 20 22 24 20 142 052 073 16 228 1 ULTAKHALI GUCHCHHAGRAM উ̣খালী ŶƮŻাম 0 0 0.00 0 0
16 / 79

-- 17 of 81 --

কাǿ িবভাগ
έকাড
έজলা
έকাড
িসিট
έকাড
উপ/
থানা
έকাড
έপৗর
έকাড
ইউ/
ওয়াǿ
έকাড
(ʔরাতন)
ইউ/
ওয়াǿ
έকাড
(নȣন)
έমৗজা/
মহ̲া
έকাড
(ʔরাতন)
έমৗজা
έকাড
(নȣন)
έজ
এল
নং
Żাম
έকাড
(ʔরাতন)
Żাম/মহ̲া
/*পাড়া
έকাড
(নȣন)
আর
এম ও
έমাট
খɶ
খɶ
নং ˘িম (একের)
নদী
পথ
(একের)
বনাǝল (একের) ধরণ
1 2 3 4 5 6 7 8 9 10 11 12 13 14 15 16 17 18 19 20 21 22
ʚশাসিনক ইউিনেটর নােমর বানান
6 20 22 24 22 176 CHOUFALDANDI έচৗফলদȘী 0 0 3634.66 0 80.13 1
7 20 22 24 22 176 209 112 11 1 CHOUFALDANDI έচৗফলদȘী 0 0 3634.66 0 80.13
8 20 22 24 22 176 209 112 12 020 1 BANIKPARA বিণকপাড়া 0 0 0.00 0 0
8 20 22 24 22 176 209 112 01 041 1 DAKKHINPARA দিţণপাড়া 0 0 0.00 0 0
8 20 22 24 22 176 209 112 15 072 1 GHONAPARA έঘানাপাড়া 0 0 0.00 0 0
8 20 22 24 22 176 209 112 07 083 1 HAYDARPARA হায়দারপাড়া 0 0 0.00 0 0
8 20 22 24 22 176 209 112 11 114 1 KALU FAKIRPARA কা̛ ফিকরপাড়া 0 0 0.00 0 0	8 20 22 24 22 176 209 112 11 114 1 KALU FAKIRPARA কা̛ ফিকরপাড়া 0 0 0.00 0 0
8 20 22 24 22 176 209 112 09 115 1 KHAMARPARA খামারপাড়া 0 0 0.00 0 0
8 20 22 24 22 176 209 112 14 116 1 KHONKARKHIL έখানকারিখল 0 0 0.00 0 0
8 20 22 24 22 176 209 112 05 117 1 KONAPARA έকানাপাড়া 0 0 0.00 0 0
8 20 22 24 22 176 209 112 02 138 1 MAGPARA মগপাড়া 0 0 0.00 0 0
8 20 22 24 22 176 209 112 06 139 1 MAIJPARA মাইজপাড়া 0 0 0.00 0 0
8 20 22 24 22 176 209 112 03 150 1 NAPITPARA নািপতপাড়া 0 0 0.00 0 0
8 20 22 24 22 176 209 112 13 151 1 NATUN MAHAL নȣন মহাল 0 0 0.00 0 0
8 20 22 24 22 176 209 112 04 172 1 PASHCHIMPARA পি̽মপাড়া 0 0 0.00 0 0
8 20 22 24 22 176 209 112 08 203 1 SIKDARPARA িসকদারপাড়া 0 0 0.00 0 0
8 20 22 24 22 176 209 112 10 224 1 UTTARPARA উȪরপাড়া 0 0 0.00 0 0
6 20 22 24 35 243 EIDGAON ঈদগাঁও 0 0 0.00 0 0 1
7 20 22 24 35 243 104 074 6 1 BHOMARIAGHONA έভামিরয়ােঘানা 0 0 1506.66 0 924.7
8 20 22 24 35 243 104 074 02 030 1 CHOWDHURYPARA έচৗɡরীপাড়া 0 0 0.00 0 0
8 20 22 24 35 243 104 074 05 041 1 DHUILYAJHIRI ɡইলαািঝির 0 0 0.00 0 0
8 20 22 24 35 243 104 074 03 112 1 KULALPARA Ňলালপাড়া 0 0 0.00 0 0
8 20 22 24 35 243 104 074 04 133 1 MANDALPARA মȘলপাড়া 0 0 0.00 0 0
17 / 79

-- 18 of 81 --

কাǿ িবভাগ
έকাড
έজলা
έকাড
িসিট
έকাড
উপ/
থানা
έকাড
έপৗর
έকাড
ইউ/
ওয়াǿ
έকাড
(ʔরাতন)
ইউ/
ওয়াǿ
έকাড
(নȣন)
έমৗজা/
মহ̲া
έকাড
(ʔরাতন)
έমৗজা
έকাড
(নȣন)
έজ
এল
নং
Żাম
έকাড
(ʔরাতন)
Żাম/মহ̲া
/*পাড়া
έকাড
(নȣন)
আর
এম ও
έমাট
খɶ
খɶ
নং ˘িম (একের)
নদী
পথ
(একের)
বনাǝল (একের) ধরণ
1 2 3 4 5 6 7 8 9 10 11 12 13 14 15 16 17 18 19 20 21 22
ʚশাসিনক ইউিনেটর নােমর বানান
8 20 22 24 35 243 104 074 01 164 1 PURBA MADHYA BHOMARIAGHONA ʕʻ মধα έভামিরয়ােঘানা 0 0 0.00 0 0
8 20 22 24 35 243 104 074 06 215 1 UTTAR BHADITALA উȪর ভাদীতলা 0 0 0.00 0 0
7 20 22 24 35 243 471 186 9 3 EIDGAON (PART) ঈদগাঁও (অংশ) 3 1 4080.83 0 211.91
8 20 22 24 35 243 471 186 06 020 3 BHADITALA HASINAPARA ভািদতলা হািছনাপাড়া 0 0 0.00 0 0
8 20 22 24 35 243 471 186 05 041 3 DARGAHPARA SHIAPARA দরগাহপাড়া িশয়াপাড়া 0 0 0.00 0 0
8 20 22 24 35 243 471 186 02 102 3 JAGIRPARA KHONKARPARA জাগীরপাড়া έখানকারপাড়া 0 0 0.00 0 0
8 20 22 24 35 243 471 186 03 113 3 KANIACHHARA কািনয়াছড়া 0 0 0.00 0 0
8 20 22 24 35 243 471 186 01 134 3 MAIJPARA মাইজপাড়া 0 0 0.00 0 0
8 20 22 24 35 243 471 186 04 165 3 PALPARA পালপাড়া 0 0 0.00 0 0
7 20 22 24 35 243 575 371 7 1 JANGAL MACHHUAKHALI জƝল মাƸয়াখালী 0 0 4511.30 0 4511.1
8 20 22 24 35 243 575 371 01 100 1 JANGAL MACHHUAKHALI জƝল মাƸয়াখালী 0 0 0.00 0 0
7 20 22 24 35 243 733 487 8 1 MACHHUAKHALI মাƸয়াখালী 0 0 1744.51 0 540.86
8 20 22 24 35 243 733 487 03 030 1 CHANDERGHONA চােʁরেঘানা 0 0 0.00 0 0
8 20 22 24 35 243 733 487 06 111 1 KALIRCHHARA কািলরছড়া 0 0 0.00 0 0
8 20 22 24 35 243 733 487 07 132 1 MACHHUAKHALI MURAPARA মাƸয়াখালী ˥ড়াপাড়া 0 0 0.00 0 0
8 20 22 24 35 243 733 487 05 133 1 MADHYA KALIRCHHARA BALUCHARPARA মধα কািলরছড়া বা̛চরপাড়া 0 0 0.00 0 0
8 20 22 24 35 243 733 487 02 134 1 MEHERGHONA έমেহরেঘানা 0 0 0.00 0 0
8 20 22 24 35 243 733 487 01 195 1 SATGHARIAPARA LAL SHIARIAPARA সাতঘিরয়াপাড়া লাল শরীয়াপাড়া 0 0 0.00 0 0
8 20 22 24 35 243 733 487 04 216 1 UTTAR KALIRCHHARA SHIAPARA উȪর কািলরছড়া িশয়াপাড়া 0 0 0.00 0 0
6 20 22 24 38 385 ISLAMPUR ইসলামʔর 0 0 214931.00 0 461.53 1
7 20 22 24 38 385 785 524 3 1 NAPITKHALI নািপতখালী 0 0 2149.32 0 461.53
18 / 79

-- 19 of 81 --

কাǿ িবভাগ
έকাড
έজলা
έকাড
িসিট
έকাড
উপ/
থানা
έকাড
έপৗর
έকাড
ইউ/
ওয়াǿ
έকাড
(ʔরাতন)
ইউ/
ওয়াǿ
έকাড
(নȣন)
έমৗজা/
মহ̲া
έকাড
(ʔরাতন)
έমৗজা
έকাড
(নȣন)
έজ
এল
নং
Żাম
έকাড
(ʔরাতন)
Żাম/মহ̲া
/*পাড়া
έকাড
(নȣন)
আর
এম ও
έমাট
খɶ
খɶ
নং ˘িম (একের)
নদী
পথ
(একের)
বনাǝল (একের) ধরণ
1 2 3 4 5 6 7 8 9 10 11 12 13 14 15 16 17 18 19 20 21 22
ʚশাসিনক ইউিনেটর নােমর বানান
8 20 22 24 38 385 785 524 05 020 1 BAMANKATA PURBA PASHCHIM বামনকাটা ʕʻ পি̽ম 0 0 0.00 0 0
8 20 22 24 38 385 785 524 01 021 1 BANSHKATA বাঁশকাটা 0 0 0.00 0 0
8 20 22 24 38 385 785 524 06 042 1 DHARMERCHHARA ধে˨রছড়া 0 0 0.00 0 0
8 20 22 24 38 385 785 524 07 113 1 KHANGHONA খানেঘানা 0 0 0.00 0 0
8 20 22 24 38 385 785 524 03 134 1 MADHYA NAPITKHALI মধα নািপতখালী 0 0 0.00 0 0
8 20 22 24 38 385 785 524 04 165 1 PURBA NAPITKHALI VILLAGERPARA ʕʻ নািপতখালী িভেলজার পাড়া 0 0 0.00 0 0
8 20 22 24 38 385 785 524 02 216 1 UTTAR NAPITKHALI উȪর নািপতখালী 0 0 0.00 0 0
6 20 22 24 42 376 ISLAMABAD ইসলামাবাদ 0 0 0.00 0 0 1
7 20 22 24 42 376 157 075 4 1 BOALKHALI έবায়ালখালী 0 0 314.67 0 152.25
8 20 22 24 42 376 157 075 04 010 1 AULIABAD আউিলয়াবাদ 0 0 0.00 0 0
8 20 22 24 42 376 157 075 03 101 1 JALADASPARA জলদাশপাড়া 0 0 0.00 0 0
8 20 22 24 42 376 157 075 02 162 1 PASHCHIM BOALKHALI পি̽ম έবায়ালখালী 0 0 0.00 0 0
8 20 22 24 42 376 157 075 01 163 1 PURBA BOALKHALI ʕʻ έবায়ালখালী 0 0 0.00 0 0
7 20 22 24 42 376 314 260 5 1 GAZALIA গজািলয়া 0 0 653.75 0 233.22
8 20 22 24 42 376 314 260 01 160 1 PASHCHIM GAZALIA পি̽ম গজািলয়া 0 0 0.00 0 0
7 20 22 24 42 376 471 187 9 3 EIDGAON (PART) ঈদগাঁও (অংশ) 3 3 0.00 0 0
8 20 22 24 42 376 471 187 04 021 3 BERPARA έবড়পাড়া 0 0 0.00 0 0
8 20 22 24 42 376 471 187 09 032 3 CHARPARA চরপাড়া 0 0 0.00 0 0
8 20 22 24 42 376 471 187 14 045 3 DAKKHIN PAHASHIAKHALI দিţণ পাহািশয়াখালী 0 0 0.00 0 0
8 20 22 24 42 376 471 187 01 046 3 DAKKHIN SATJOLAKATA দিţণ সাতেজালাকাটা 0 0 0.00 0 0
8 20 22 24 42 376 471 187 11 088 3 HARIPUR হিরʔর 0 0 0.00 0 0
8 20 22 24 42 376 471 187 05 089 3 HINDUPARA িহʂপাড়া 0 0 0.00 0 0
19 / 79

-- 20 of 81 --

কাǿ িবভাগ
έকাড
έজলা
έকাড
িসিট
έকাড
উপ/
থানা
έকাড
έপৗর
έকাড
ইউ/
ওয়াǿ
έকাড
(ʔরাতন)
ইউ/
ওয়াǿ
έকাড
(নȣন)
έমৗজা/
মহ̲া
έকাড
(ʔরাতন)
έমৗজা
έকাড
(নȣন)
έজ
এল
নং
Żাম
έকাড
(ʔরাতন)
Żাম/মহ̲া
/*পাড়া
έকাড
(নȣন)
আর
এম ও
έমাট
খɶ
খɶ
নং ˘িম (একের)
নদী
পথ
(একের)
বনাǝল (একের) ধরণ
1 2 3 4 5 6 7 8 9 10 11 12 13 14 15 16 17 18 19 20 21 22
ʚশাসিনক ইউিনেটর নােমর বানান
8 20 22 24 42 376 471 187 12 123 3 KHODAIBARI έখাদাইবািড় 0 0 0.00 0 0
8 20 22 24 42 376 471 187 10 178 3 PASHCHIM YOUSUFERKHIL পি̽ম ইউƸেফরিখল 0 0 0.00 0 0
8 20 22 24 42 376 471 187 06 179 3 PURBA YOUSUFERKHIL ʕʻ ইউƸেফরিখল 0 0 0.00 0 0
8 20 22 24 42 376 471 187 07 210 3 SIKDARPARA িসকদারপাড়া 0 0 0.00 0 0
8 20 22 24 42 376 471 187 03 221 3 TEKPARA έটকপাড়া 0 0 0.00 0 0
8 20 22 24 42 376 471 187 08 233 3 UTTAR LARABAG উȪর লরাবাগ 0 0 0.00 0 0
8 20 22 24 42 376 471 187 02 234 3 UTTAR PAHASHIAKHALI উȪর পাহািশয়াখালী 0 0 0.00 0 0	8 20 22 24 42 376 471 187 02 234 3 UTTAR PAHASHIAKHALI উȪর পাহািশয়াখালী 0 0 0.00 0 0
8 20 22 24 42 376 471 187 13 255 3 WAHEDERPARA ওয়ােহেদরপাড়া 0 0 0.00 0 0
6 20 22 24 45 411 JALALABAD জালালাবাদ 0 0 0.00 0 0 1
7 20 22 24 45 411 471 187 9 3 EIDGAON (PART) ঈদগাঁও (অংশ) 3 2 0.00 0 0
8 20 22 24 45 411 471 187 04 020 3 BAHARCHHARA বাহারছড়া 0 0 0.00 0 0
8 20 22 24 45 411 471 187 09 033 3 CHARPARA চরপাড়া 0 0 0.00 0 0
8 20 22 24 45 411 471 187 08 044 3 DAKKHIN LARABAG দিţণ লরাবাগ 0 0 0.00 0 0
8 20 22 24 45 411 471 187 01 067 3 FARAZIPARA ফরাজীপাড়া 0 0 0.00 0 0 1
8 20 22 24 45 411 471 187 11 090 3 HINDUPARA SATHIPARA িহʂপাড়া সাথীপাড়া 0 0 0.00 0 0
8 20 22 24 45 411 471 187 06 101 3 IDRISPUR BATALIPARA ইিɉসʔর বাটািলপাড়া 0 0 0.00 0 0 1
8 20 22 24 45 411 471 187 02 122 3 KHAMARPARA খামারপাড়া 0 0 0.00 0 0
8 20 22 24 45 411 471 187 10 144 3 MACHHUAPARA মাƸয়াপাড়া 0 0 0.00 0 0
8 20 22 24 45 411 471 187 03 145 3 MAIJPARA KONAPARA মাইজপাড়া έকানাপাড়া 0 0 0.00 0 0
8 20 22 24 45 411 471 187 05 146 3 MOHAN VILLA έমাহন িভলা 0 0 0.00 0 0
8 20 22 24 45 411 471 187 07 177 3 PALAKATA UTTAR DAKKHIN পালাকাটা উȪর দিţণ 0 0 0.00 0 0
8 20 22 24 45 411 471 187 12 222 3 TELIPARA έতিলপাড়া 0 0 0.00 0 0
6 20 22 24 47 420 JHILANGJA িঝলংজা 0 0 0.00 0 0 1
20 / 79

-- 21 of 81 --

কাǿ িবভাগ
έকাড
έজলা
έকাড
িসিট
έকাড
উপ/
থানা
έকাড
έপৗর
έকাড
ইউ/
ওয়াǿ
έকাড
(ʔরাতন)
ইউ/
ওয়াǿ
έকাড
(নȣন)
έমৗজা/
মহ̲া
έকাড
(ʔরাতন)
έমৗজা
έকাড
(নȣন)
έজ
এল
নং
Żাম
έকাড
(ʔরাতন)
Żাম/মহ̲া
/*পাড়া
έকাড
(নȣন)
আর
এম ও
έমাট
খɶ
খɶ
নং ˘িম (একের)
নদী
পথ
(একের)
বনাǝল (একের) ধরণ
1 2 3 4 5 6 7 8 9 10 11 12 13 14 15 16 17 18 19 20 21 22
ʚশাসিনক ইউিনেটর নােমর বানান
7 20 22 24 47 420 523 376 17 1 JHILANGJA (PART) িঝলংজা (অংশ) 7 7 0.00 0 0 3
8 20 22 24 47 420 523 376 07 020 1 BAHARCHHARA বহরছড়া 0 0 0.00 0 0
8 20 22 24 47 420 523 376 10 021 1 BISIC িবিসক 0 0 0.00 0 0
8 20 22 24 47 420 523 376 01 032 1 CHANDERPARA চােʁরপাড়া 0 0 0.00 0 0
8 20 22 24 47 420 523 376 08 043 1 DAKKHIN DIKKUL দিţণ িডকŇল 0 0 0.00 0 0
8 20 22 24 47 420 523 376 05 044 1 DAKKHIN KALATALI দিţণ কলাতলী 0 0 0.00 0 0
8 20 22 24 47 420 523 376 03 085 1 HAJIPARA হাজীপাড়া 0 0 0.00 0 0	8 20 22 24 47 420 523 376 03 085 1 HAJIPARA হাজীপাড়া 0 0 0.00 0 0
8 20 22 24 47 420 523 376 11 116 1 KONARPARA έকানারপাড়া 0 0 0.00 0 0
8 20 22 24 47 420 523 376 04 137 1 MUHURIPARA ˥Βরীপাড়া 0 0 0.00 0 0
8 20 22 24 47 420 523 376 02 168 1 PURBA PASHCHIM LARPARA ʕʻ পি̽ম লারপাড়া 0 0 0.00 0 0
8 20 22 24 47 420 523 376 09 199 1 SIKDARPARA িসকদারপাড়া 0 0 0.00 0 0
8 20 22 24 47 420 523 376 06 220 1 UTTAR DAKKHIN JANARGHONA উȪর দিţণ জানারেঘানা 0 0 0.00 0 0
7 20 22 24 47 420 628 413 19 1 KHARULIYA খ̓িলয়া 0 0 1255.41 0 0
8 20 22 24 47 420 628 413 03 040 1 DAKKHIN KHARULIYA দিţণ খ̓িলয়া 0 0 0.00 0 0
8 20 22 24 47 420 628 413 02 041 1 DHARGHAPARA দরগাপাড়া 0 0 0.00 0 0
8 20 22 24 47 420 628 413 07 132 1 MASTERPARA মা͵ারপাড়া 0 0 0.00 0 0
8 20 22 24 47 420 628 413 01 133 1 MUKTERKUL ˥ŗারŇল 0 0 0.00 0 0
8 20 22 24 47 420 628 413 06 164 1 PASHCHIM KHARULIYA পি̽ম খ̓িলয়া 0 0 0.00 0 0
8 20 22 24 47 420 628 413 04 165 1 PURBA KHARULIYA ʕʻ খ̓িলয়া 0 0 0.00 0 0
8 20 22 24 47 420 628 413 05 216 1 UTTAR KHARULIYA উȪর খ̓িলয়া 0 0 0.00 0 0
6 20 22 24 59 446 KHURUSHKUL ŭ̓শŇল 0 0 5848.06 0 795.38 1
7 20 22 24 59 446 680 414 15 1 KHURUSHKUL ŭ̓শŇল 0 0 4289.64 0 504.7 3
8 20 22 24 59 446 680 414 10 040 1 DAKKHIN MAMUNPARA দিţণ মা˥নপাড়া 0 0 0.00 0 0
21 / 79

-- 22 of 81 --

কাǿ িবভাগ
έকাড
έজলা
έকাড
িসিট
έকাড
উপ/
থানা
έকাড
έপৗর
έকাড
ইউ/
ওয়াǿ
έকাড
(ʔরাতন)
ইউ/
ওয়াǿ
έকাড
(নȣন)
έমৗজা/
মহ̲া
έকাড
(ʔরাতন)
έমৗজা
έকাড
(নȣন)
έজ
এল
নং
Żাম
έকাড
(ʔরাতন)
Żাম/মহ̲া
/*পাড়া
έকাড
(নȣন)
আর
এম ও
έমাট
খɶ
খɶ
নং ˘িম (একের)
নদী
পথ
(একের)
বনাǝল (একের) ধরণ
1 2 3 4 5 6 7 8 9 10 11 12 13 14 15 16 17 18 19 20 21 22
ʚশাসিনক ইউিনেটর নােমর বানান
8 20 22 24 59 446 680 414 02 041 1 DEILPARA έডইলপাড়া 0 0 0.00 0 0
8 20 22 24 59 446 680 414 12 042 1 DEILPARA έডইলপাড়া 0 0 0.00 0 0
8 20 22 24 59 446 680 414 06 063 1 FAKIRPARA ফিকরপাড়া 0 0 0.00 0 0
8 20 22 24 59 446 680 414 11 084 1 HATKHOLAPARA হাটেখালাপাড়া 0 0 0.00 0 0
8 20 22 24 59 446 680 414 13 085 1 HINDUPARA িহʂপাড়া 0 0 0.00 0 0
8 20 22 24 59 446 680 414 09 116 1 KULALPARA Ňলালপাড়া 0 0 0.00 0 0
8 20 22 24 59 446 680 414 05 137 1 MANUPARA মɭপাড়া 0 0 0.00 0 0	8 20 22 24 59 446 680 414 05 137 1 MANUPARA মɭপাড়া 0 0 0.00 0 0
8 20 22 24 59 446 680 414 08 168 1 PALPARA পালপাড়া 0 0 0.00 0 0
8 20 22 24 59 446 680 414 14 169 1 PANCHAYETPARA পǝােয়তপাড়া 0 0 0.00 0 0
8 20 22 24 59 446 680 414 01 170 1 PENCHARGHONA έʨচারেঘানা 0 0 0.00 0 0
8 20 22 24 59 446 680 414 03 191 1 RASTARPARA রাͷারপাড়া 0 0 0.00 0 0
8 20 22 24 59 446 680 414 04 202 1 SAMPANGHAT RUHULLAR DEIL সা˲ানঘাট ̓ Β̲ার έডইল 0 0 0.00 0 0
8 20 22 24 59 446 680 414 07 223 1 UTTAR MAMUNPARA উȪর মা˥নপাড়া 0 0 0.00 0 0
7 20 22 24 59 446 942 743 13 1 TETAIYA έতৈতয়া 0 0 1558.38 0 290.68
8 20 22 24 59 446 942 743 02 040 1 DEILPARA έডইলপাড়া 0 0 0.00 0 0
8 20 22 24 59 446 942 743 04 061 1 FAJU SIKDARPARA ফǁ িসকদারপাড়া 0 0 0.00 0 0
8 20 22 24 59 446 942 743 01 072 1 GHONARPARA έঘানারপাড়া 0 0 0.00 0 0
8 20 22 24 59 446 942 743 03 193 1 SIKDARPARA HALDARPARA িসকদারপাড়া হালদারপাড়া 0 0 0.00 0 0
6 20 22 24 71 612 PATALI MACHHUAKHALI (PM KHALI) পাতালী মাƸয়াখালী (িপএম খালী) 0 0 6723.12 0 6977.65 1
7 20 22 24 71 612 837 597 18 1 PATALI MACHHUAKHALI পাতালী মাƸয়াখালী 0 0 5294.19 0 1219.05
8 20 22 24 71 612 837 597 06 030 1 CHHANKHOLA ছনেখালা 0 0 0.00 0 0
8 20 22 24 71 612 837 597 09 041 1 DHAONKHALI ধাওনখালী 0 0 0.00 0 0
22 / 79

-- 23 of 81 --

কাǿ িবভাগ
έকাড
έজলা
έকাড
িসিট
έকাড
উপ/
থানা
έকাড
έপৗর
έকাড
ইউ/
ওয়াǿ
έকাড
(ʔরাতন)
ইউ/
ওয়াǿ
έকাড
(নȣন)
έমৗজা/
মহ̲া
έকাড
(ʔরাতন)
έমৗজা
έকাড
(নȣন)
έজ
এল
নং
Żাম
έকাড
(ʔরাতন)
Żাম/মহ̲া
/*পাড়া
έকাড
(নȣন)
আর
এম ও
έমাট
খɶ
খɶ
নং ˘িম (একের)
নদী
পথ
(একের)
বনাǝল (একের) ধরণ
1 2 3 4 5 6 7 8 9 10 11 12 13 14 15 16 17 18 19 20 21 22
ʚশাসিনক ইউিনেটর নােমর বানান
8 20 22 24 71 612 837 597 12 042 1 DIKPARA িডকপাড়া 0 0 0.00 0 0
8 20 22 24 71 612 837 597 11 073 1 GHAT KULIAPARA ঘাট Ňিলয়াপাড়া 0 0 0.00 0 0
8 20 22 24 71 612 837 597 01 074 1 GOLARPARA έগালারপাড়া 0 0 0.00 0 0
8 20 22 24 71 612 837 597 07 105 1 JUMCHHARI ǁমছির 0 0 0.00 0 0
8 20 22 24 71 612 837 597 10 116 1 KANTHALIAMURA কাঁঠািলয়া˥ড়া 0 0 0.00 0 0
8 20 22 24 71 612 837 597 03 137 1 MACHHUAKHALI মাƸয়াখালী 0 0 0.00 0 0
8 20 22 24 71 612 837 597 04 138 1 MAIJPARA মাইজপাড়া 0 0 0.00 0 0	8 20 22 24 71 612 837 597 04 138 1 MAIJPARA মাইজপাড়া 0 0 0.00 0 0
8 20 22 24 71 612 837 597 02 139 1 MOHSENIAPARA έমাহছিনয়াপাড়া 0 0 0.00 0 0
8 20 22 24 71 612 837 597 05 150 1 NAYAPARA নয়াপাড়া 0 0 0.00 0 0
8 20 22 24 71 612 837 597 08 171 1 PARANIAPARA পরািনয়াপাড়া 0 0 0.00 0 0
8 20 22 24 71 612 837 597 13 172 1 PATALI পাতলী 0 0 0.00 0 0
7 20 22 24 71 612 994 744 14 1 TOTAKKHALI έতাতকখালী 0 0 1428.93 0 568.6
8 20 22 24 71 612 994 744 01 200 1 TOTAKKHALI έতাতকখালী 0 0 0.00 0 0
6 20 22 24 83 621 POKKHALI έপাকখালী 0 0 5653.53 0 0.74 1
7 20 22 24 83 621 366 261 1 1 GOMATALI έগামাতলী 0 0 3158.24 0 0
8 20 22 24 83 621 366 261 05 020 1 BARA DAILLAPARA বার ডই̲াপাড়া 0 0 0.00 0 0
8 20 22 24 83 621 366 261 04 071 1 GAITTAKHALI গাইǯাখালী 0 0 0.00 0 0
8 20 22 24 83 621 366 261 02 162 1 PASHCHIM GOMATALI পি̽ম έগামাতলী 0 0 0.00 0 0
8 20 22 24 83 621 366 261 01 163 1 PURBA GOMATALI ʕʻ έগামাতলী 0 0 0.00 0 0
8 20 22 24 83 621 366 261 03 184 1 REFUGEEGHONA BADARKHALIPARA িরʫিজেঘানা বদরখালীপাড়া 0 0 0.00 0 0
7 20 22 24 83 621 418 334 2 1 ICHHAKHALI ইছাখালী 0 0 511.90 0 0.74
8 20 22 24 83 621 418 334 02 130 1 MADHYA ICHHAKHALI মধα ইছাখালী 0 0 0.00 0 0
23 / 79

-- 24 of 81 --

কাǿ িবভাগ
έকাড
έজলা
έকাড
িসিট
έকাড
উপ/
থানা
έকাড
έপৗর
έকাড
ইউ/
ওয়াǿ
έকাড
(ʔরাতন)
ইউ/
ওয়াǿ
έকাড
(নȣন)
έমৗজা/
মহ̲া
έকাড
(ʔরাতন)
έমৗজা
έকাড
(নȣন)
έজ
এল
নং
Żাম
έকাড
(ʔরাতন)
Żাম/মহ̲া
/*পাড়া
έকাড
(নȣন)
আর
এম ও
έমাট
খɶ
খɶ
নং ˘িম (একের)
নদী
পথ
(একের)
বনাǝল (একের) ধরণ
1 2 3 4 5 6 7 8 9 10 11 12 13 14 15 16 17 18 19 20 21 22
ʚশাসিনক ইউিনেটর নােমর বানান
8 20 22 24 83 621 418 334 03 161 1 PASHCHIM ICHHAKHALI পি̽ম ইছাখালী 0 0 0.00 0 0
8 20 22 24 83 621 418 334 01 162 1 PURBA ICHHAKHALI ʕʻ ইছাখালী 0 0 0.00 0 0
7 20 22 24 83 621 890 598 10 1 POKKHALI έপাকখালী 0 0 1983.39 0 0
8 20 22 24 83 621 890 598 05 040 1 DAKKHIN NAIKKHYODIA দিţণ নাইţαকিডয়া 0 0 0.00 0 0
8 20 22 24 83 621 890 598 03 131 1 MADHYA POKKHALI মধα έপাকখালী 0 0 0.00 0 0
8 20 22 24 83 621 890 598 02 162 1 PASHCHIM POKKHALI পি̽ম έপাকখালী 0 0 0.00 0 0
8 20 22 24 83 621 890 598 01 163 1 PURBA POKKHALI SIKDARPARA ʕʻ έপাকখালী িসকদারপাড়া 0 0 0.00 0 0	8 20 22 24 83 621 890 598 01 163 1 PURBA POKKHALI SIKDARPARA ʕʻ έপাকখালী িসকদারপাড়া 0 0 0.00 0 0
8 20 22 24 83 621 890 598 04 214 1 UTTAR NAIKKHYOKDIA উȪর নাইţαকিডয়া 0 0 0.00 0 0
5 20 22 24 66 COX'S BAZAR POURASABHA কŨবাজার έপৗরসভা 0.00 0 0 1
6 20 22 24 66 01 001 WARD NO. 01 ওয়াǿ নং ০১ 0 0 1960.95 0 414.75 2
7 20 22 24 66 01 001 016 113 16 2 COX'SBAZAR (PART) কŨবাজার (অংশ) 10 1 0.00 0 0
8 20 22 24 66 01 001 016 113 134 2 KUTUBDIAPARA Ňȣবিদয়াপাড়া 0 0 0.00 0 0
8 20 22 24 66 01 001 016 113 170 2 NAZIRARTEK নািজরারেটক 0 0 0.00 0 0
8 20 22 24 66 01 001 016 113 192 2 PADNAR DEIL পদনার έডইল 0 0 0.00 0 0
8 20 22 24 66 01 001 016 113 239 2 SAMITIPARA সিমিতপাড়া 0 0 0.00 0 0
6 20 22 24 66 02 002 WARD NO. 02 ওয়াǿ নং ০২ 0 0 0.00 0 0 2
7 20 22 24 66 02 002 016 113 16 2 COX'SBAZAR (PART) কŨবাজার (অংশ) 10 2 0.00 0 0
8 20 22 24 66 02 002 016 113 156 2 MADHYA NUNIACHHARA মধα ɭিনয়াছড়া 0 0 0.00 0 0
8 20 22 24 66 02 002 016 113 199 2 PASHCHIM NATUN BAHARCHHARA পি̽ম নȣন বাহারছড়া 0 0 0.00 0 0
8 20 22 24 66 02 002 016 113 265 2 UTTAR NINIACHHARA উȪর ɭিনয়াছড়া 0 0 0.00 0 0
6 20 22 24 66 03 003 WARD NO. 03 ওয়াǿ নং ০৩ 0 0 0.00 0 0 2
7 20 22 24 66 03 003 016 113 16 2 COX'SBAZAR (PART) কŨবাজার (অংশ) 10 3 0.00 0 0
24 / 79

-- 25 of 81 --

কাǿ িবভাগ
έকাড
έজলা
έকাড
িসিট
έকাড
উপ/
থানা
έকাড
έপৗর
έকাড
ইউ/
ওয়াǿ
έকাড
(ʔরাতন)
ইউ/
ওয়াǿ
έকাড
(নȣন)
έমৗজা/
মহ̲া
έকাড
(ʔরাতন)
έমৗজা
έকাড
(নȣন)
έজ
এল
নং
Żাম
έকাড
(ʔরাতন)
Żাম/মহ̲া
/*পাড়া
έকাড
(নȣন)
আর
এম ও
έমাট
খɶ
খɶ
নং ˘িম (একের)
নদী
পথ
(একের)
বনাǝল (একের) ধরণ
1 2 3 4 5 6 7 8 9 10 11 12 13 14 15 16 17 18 19 20 21 22
ʚশাসিনক ইউিনেটর নােমর বানান
8 20 22 24 66 03 003 016 113 011 2 ANDERSON ROAD DAKKHIN এɶারসন έরাড দিţণ 0 0 0.00 0 0
8 20 22 24 66 03 003 016 113 012 2 ANDERSON ROAD UTTAR এɶারসন έরাড উȪর 0 0 0.00 0 0
8 20 22 24 66 03 003 016 113 023 2 BADAR MOKAM (THANA ROAD) বদর έমাকাম (থানা έরাড) 0 0 0.00 0 0
8 20 22 24 66 03 003 016 113 026 2 BARA BAZAR বড় বাজার 0 0 0.00 0 0
8 20 22 24 66 03 003 016 113 038 2 CINEMA ROAD PASHCHIM িসেনমা έরাড পি̽ম 0 0 0.00 0 0
8 20 22 24 66 03 003 016 113 039 2 CINEMA ROAD PURBA িসেনমা έরাড ʕʻ 0 0 0.00 0 0
8 20 22 24 66 03 003 016 113 193 2 PANBAZAR PURBA পানবাজার ʕʻ 0 0 0.00 0 0	8 20 22 24 66 03 003 016 113 193 2 PANBAZAR PURBA পানবাজার ʕʻ 0 0 0.00 0 0
8 20 22 24 66 03 003 016 113 196 2 PASHCHIM IBP ROAD পি̽ম আইিবিপ έরাড 0 0 0.00 0 0
8 20 22 24 66 03 003 016 113 197 2 PASHCHIM MACHHBAZAR পি̽ম মাছবাজার 0 0 0.00 0 0
8 20 22 24 66 03 003 016 113 203 2 PURAN PANBAZAR ʔরান পানবাজার 0 0 0.00 0 0
8 20 22 24 66 03 003 016 113 204 2 PURBA BAZARGHATA ʕʻ বাজারঘাটা 0 0 0.00 0 0
8 20 22 24 66 03 003 016 113 206 2 PURBA IBP ROAD ʕʻ আইিবিপ έরাড 0 0 0.00 0 0
8 20 22 24 66 03 003 016 113 207 2 PURBA NATUN BAHARCHHARA ʕʻ নȣন বাহারছড়া 0 0 0.00 0 0
6 20 22 24 66 04 004 WARD NO. 04 ওয়াǿ নং ০৪ 0 0 0.00 0 0 2
7 20 22 24 66 04 004 016 113 16 2 COX'SBAZAR (PART) কŨবাজার (অংশ) 10 4 0.00 0 0
8 20 22 24 66 04 004 016 113 010 2 ACHHIMANG PESHKARPARA আিছমং έপশকারপাড়া 0 0 0.00 0 0
8 20 22 24 66 04 004 016 113 052 2 DAKKHIN HANGARPARA দিţণ হাƝরপাড়া 0 0 0.00 0 0
8 20 22 24 66 04 004 016 113 075 2 FULBAG SARAK (CHAULBAZAR) ʫলবাগ সড়ক (চাউলবাজার) 0 0 0.00 0 0
8 20 22 24 66 04 004 016 113 157 2 MADHYA TEKPARA মধα έটকপাড়া 0 0 0.00 0 0
8 20 22 24 66 04 004 016 113 198 2 PASHCHIM MALARIA ROAD পি̽ম মαােলিরয়া έরাড 0 0 0.00 0 0
8 20 22 24 66 04 004 016 113 201 2 PASHCHIM PESHKARPARA পি̽ম έপশকারপাড়া 0 0 0.00 0 0
8 20 22 24 66 04 004 016 113 202 2 PASHCHIM TEKPARA পি̽ম έটকপাড়া 0 0 0.00 0 0
8 20 22 24 66 04 004 016 113 241 2 SUJAU SAWDAGARPARA	ͦ	 জাউ সওদাগরপাড়া 0 0 0.00 0 0
25 / 79

-- 26 of 81 --

কাǿ িবভাগ
έকাড
έজলা
έকাড
িসিট
έকাড
উপ/
থানা
έকাড
έপৗর
έকাড
ইউ/
ওয়াǿ
έকাড
(ʔরাতন)
ইউ/
ওয়াǿ
έকাড
(নȣন)
έমৗজা/
মহ̲া
έকাড
(ʔরাতন)
έমৗজা
έকাড
(নȣন)
έজ
এল
নং
Żাম
έকাড
(ʔরাতন)
Żাম/মহ̲া
/*পাড়া
έকাড
(নȣন)
আর
এম ও
έমাট
খɶ
খɶ
নং ˘িম (একের)
নদী
পথ
(একের)
বনাǝল (একের) ধরণ
1 2 3 4 5 6 7 8 9 10 11 12 13 14 15 16 17 18 19 20 21 22
ʚশাসিনক ইউিনেটর নােমর বানান
8 20 22 24 66 04 004 016 113 264 2 UTTAR HANGARPARA উȪর হাƝরপাড়া 0 0 0.00 0 0
8 20 22 24 66 04 004 016 113 266 2 UTTAR PESHKARPARA উȪর έপশকারপাড়া 0 0 0.00 0 0
8 20 22 24 66 04 004 016 113 267 2 UTTAR PURBA TEKPARA উȪর ʕʻ έটকপাড়া 0 0 0.00 0 0
6 20 22 24 66 05 005 WARD NO. 05 ওয়াǿ নং ০৫ 0 0 0.00 0 0 2
7 20 22 24 66 05 005 016 113 16 2 COX'SBAZAR (PART) কŨবাজার (অংশ) 10 5 0.00 0 0
8 20 22 24 66 05 005 016 113 268 2 UTTAR RUMALIARCHHARA PASHCHIM উȪর ̓ মািলয়ারছড়া পি̽ম 0 0 0.00 0 0
8 20 22 24 66 05 005 016 113 269 2 UTTAR TARABUNIACHHARA উȪর তারাʸিনয়াছড়া 0 0 0.00 0 0
7 20 22 24 66 05 005 523 372 17 2 JHILANGJA (PART) িঝলংজা (অংশ) 7 1 6440.43 0 0
8 20 22 24 66 05 005 523 372 010 2 ALIRJANHAL আলীরজাঁহাল 0 0 0.00 0 0
8 20 22 24 66 05 005 523 372 031 2 CHOWDHURYPARA BURIRCHHARA έচৗɡরীপাড়া ʸিড়রছড়া 0 0 0.00 0 0
8 20 22 24 66 05 005 523 372 072 2 GODARPARA έগাদারপাড়া 0 0 0.00 0 0
8 20 22 24 66 05 005 523 372 193 2 SM PARA এসএম পাড়া 0 0 0.00 0 0
8 20 22 24 66 05 005 523 372 214 2 UTTAR RUMALIARCHHARA UTTAR PURBA উȪর ̓ মািলয়ারছড়া উȪর ʕʻ 0 0 0.00 0 0
6 20 22 24 66 06 006 WARD NO. 06 ওয়াǿ নং ০৬ 0 0 0.00 0 0 2
7 20 22 24 66 06 006 523 373 17 2 JHILANGJA (PART) িঝলংজা (অংশ) 7 2 0.00 0 0
8 20 22 24 66 06 006 523 373 020 2 BGB CAMP িবিজিব কαা˲ 0 0 0.00 0 0
8 20 22 24 66 06 006 523 373 031 2 CHOWDHURYPARA έচৗɡরীপাড়া 0 0 0.00 0 0
8 20 22 24 66 06 006 523 373 082 2 HAJIPARA হাজীপাড়া 0 0 0.00 0 0
8 20 22 24 66 06 006 523 373 093 2 ISLAMABAD ইসলামাবাদ 0 0 0.00 0 0
8 20 22 24 66 06 006 523 373 134 2 MALIPARA মািলপাড়া 0 0 0.00 0 0
8 20 22 24 66 06 006 523 373 135 2 MATIATALI মািটয়াতিল 0 0 0.00 0 0
26 / 79

-- 27 of 81 --

কাǿ িবভাগ
έকাড
έজলা
έকাড
িসিট
έকাড
উপ/
থানা
έকাড
έপৗর
έকাড
ইউ/
ওয়াǿ
έকাড
(ʔরাতন)
ইউ/
ওয়াǿ
έকাড
(নȣন)
έমৗজা/
মহ̲া
έকাড
(ʔরাতন)
έমৗজা
έকাড
(নȣন)
έজ
এল
নং
Żাম
έকাড
(ʔরাতন)
Żাম/মহ̲া
/*পাড়া
έকাড
(নȣন)
আর
এম ও
έমাট
খɶ
খɶ
নং ˘িম (একের)
নদী
পথ
(একের)
বনাǝল (একের) ধরণ
1 2 3 4 5 6 7 8 9 10 11 12 13 14 15 16 17 18 19 20 21 22
ʚশাসিনক ইউিনেটর নােমর বানান
8 20 22 24 66 06 006 523 373 146 2 NAPPANJAPARA নাʡাǢাপাড়া 0 0 0.00 0 0
8 20 22 24 66 06 006 523 373 167 2 PALANYAKATA পলানαাকাটা 0 0 0.00 0 0
8 20 22 24 66 06 006 523 373 168 2 PASHCHIM BARUAPARA পি̽ম বΞয়াপাড়া 0 0 0.00 0 0
8 20 22 24 66 06 006 523 373 169 2 PETA SAWDAGARPARA έপতা সওদাগরপাড়া 0 0 0.00 0 0
8 20 22 24 66 06 006 523 373 170 2 PURBA BARUAPARA ʕʻ বΞয়াপাড়া 0 0 0.00 0 0
8 20 22 24 66 06 006 523 373 191 2 RUMALIARCHHARA DAKKHIN PASHCHIM̓ মািলয়ারছড়া দিţণ পি̽ম 0 0 0.00 0 0
8 20 22 24 66 06 006 523 373 192 2 RUMALIARCHHARA DAKKHIN PURBA̓ মািলয়ারছড়া দিţণ ʕʻ 0 0 0.00 0 0
8 20 22 24 66 06 006 523 373 203 2 SAHITYIKA PALLI সািহিতαকা প̲ী 0 0 0.00 0 0
8 20 22 24 66 06 006 523 373 204 2 SARDARPARA সরদারপাড়া 0 0 0.00 0 0
8 20 22 24 66 06 006 523 373 205 2 SIKDARPARA িসকদারপাড়া 0 0 0.00 0 0
8 20 22 24 66 06 006 523 373 226 2 UTTAR DIKKULPARA উȪর িডকŇলপাড়া 0 0 0.00 0 0
6 20 22 24 66 07 007 WARD NO. 07 ওয়াǿ নং ০৭ 0 0 0.00 0 0 2
7 20 22 24 66 07 007 016 113 16 2 COX'SBAZAR (PART) কŨবাজার (অংশ) 10 6 0.00 0 0
8 20 22 24 66 07 007 016 113 037 2 C&B COLONY িসএɶিব কেলািন 0 0 0.00 0 0
8 20 22 24 66 07 007 016 113 053 2 DAKKHIN PASHCHIM RUMALIARCHHARA দিţণ পি̽ম ̓ মািলয়ারছড়া 0 0 0.00 0 0
8 20 22 24 66 07 007 016 113 054 2 DAKKHIN TEKPARA SIKDARMAHAL দিţণ έটকপাড়া িসকদারমহল 0 0 0.00 0 0
8 20 22 24 66 07 007 016 113 200 2 PASHCHIM PAHARTALI পি̽ম পাহাড়তলী 0 0 0.00 0 0
7 20 22 24 66 07 007 523 374 17 2 JHILANGJA (PART) িঝলংজা (অংশ) 7 3 0.00 0 0
8 20 22 24 66 07 007 523 374 010 2 ABC GHONA এিবিস έঘানা 0 0 0.00 0 0
8 20 22 24 66 07 007 523 374 041 2 DAKKHIN TARABANIACHHARA দিţণ তারাবিনয়াছড়া 0 0 0.00 0 0
27 / 79

-- 28 of 81 --

কাǿ িবভাগ
έকাড
έজলা
έকাড
িসিট
έকাড
উপ/
থানা
έকাড
έপৗর
έকাড
ইউ/
ওয়াǿ
έকাড
(ʔরাতন)
ইউ/
ওয়াǿ
έকাড
(নȣন)
έমৗজা/
মহ̲া
έকাড
(ʔরাতন)
έমৗজা
έকাড
(নȣন)
έজ
এল
নং
Żাম
έকাড
(ʔরাতন)
Żাম/মহ̲া
/*পাড়া
έকাড
(নȣন)
আর
এম ও
έমাট
খɶ
খɶ
নং ˘িম (একের)
নদী
পথ
(একের)
বনাǝল (একের) ধরণ
1 2 3 4 5 6 7 8 9 10 11 12 13 14 15 16 17 18 19 20 21 22
ʚশাসিনক ইউিনেটর নােমর বানান
8 20 22 24 66 07 007 523 374 094 2 ISLAMPUR ইসলামʔর 0 0 0.00 0 0
8 20 22 24 66 07 007 523 374 166 2 PAHARTALI RAHMANIA MADRASA পাহাড়তলী রহমািনয়া মাɉাসা 0 0 0.00 0 0
8 20 22 24 66 07 007 523 374 207 2 TEKNAIPPA PAHAR έটকনাইʡা পাহাড় 0 0 0.00 0 0
8 20 22 24 66 07 007 523 374 258 2 YOUSULURGHONA ইউƸ̛রেঘানা 0 0 0.00 0 0
6 20 22 24 66 08 008 WARD NO. 08 ওয়াǿ নং ০৮ 0 0 0.00 0 0 2
7 20 22 24 66 08 008 016 113 16 2 COX'SBAZAR (PART) কŨবাজার (অংশ) 10 7 0.00 0 0
8 20 22 24 66 08 008 016 113 024 2 BAIDER GHONA ήবেদαর έঘানা 0 0 0.00 0 0
8 20 22 24 66 08 008 016 113 025 2 BAILYAPARA BAITTUSHSHARAF AREA বইলαা পাড়া বায়ȣশশরফ এলাকা 0 0 0.00 0 0
8 20 22 24 66 08 008 016 113 088 2 GOLDIGHIR PURBA ROAD έগালদীিঘর ʕʻ έরাড 0 0 0.00 0 0
8 20 22 24 66 08 008 016 113 089 2 GOLDIGHIR UTTAR ROAD έগালদীিঘর উȪর έরাড 0 0 0.00 0 0
8 20 22 24 66 08 008 016 113 121 2 JADIRAMPARA জািদরামপাড়া 0 0 0.00 0 0
8 20 22 24 66 08 008 016 113 205 2 PURBA BAZARGHATA ʕʻ বাজারঘাটা 0 0 0.00 0 0
8 20 22 24 66 08 008 016 113 238 2 SA KEYWONG JADIRAM PAHAR এসএ কαায়াং জিদরাম পাহাড় 0 0 0.00 0 0
7 20 22 24 66 08 008 523 374 17 2 JHILANGJA (PART) িঝলংজা (অংশ) 7 4 0.00 0 0
8 20 22 24 66 08 008 523 374 072 2 GHONARPARA έঘানারপাড়া 0 0 0.00 0 0
6 20 22 24 66 09 009 WARD NO. 09 ওয়াǿ নং ০৯ 0 0 0.00 0 0 2
7 20 22 24 66 09 009 016 113 16 2 COX'SBAZAR (PART) কŨবাজার (অংশ) 10 8 0.00 0 0
8 20 22 24 66 09 009 016 113 086 2 GOLDIGHIR DAKKHIN ROAD έগালদীিঘর দিţণ έরাড 0 0 0.00 0 0
8 20 22 24 66 09 009 016 113 087 2 GOLDIGHIR PASHCHIM ROAD έগালদীিঘর পি̽ম έরাড 0 0 0.00 0 0
8 20 22 24 66 09 009 016 113 110 2 IBP MATH PURBA আইিবিপ মাঠ ʕʻ 0 0 0.00 0 0
8 20 22 24 66 09 009 016 113 158 2 MOHAJERPARA έমাহােজরপাড়া 0 0 0.00 0 0
7 20 22 24 66 09 009 523 374 17 2 JHILANGJA (PART) িঝলংজা (অংশ) 7 5 0.00 0 0
28 / 79

-- 29 of 81 --

কাǿ িবভাগ
έকাড
έজলা
έকাড
িসিট
έকাড
উপ/
থানা
έকাড
έপৗর
έকাড
ইউ/
ওয়াǿ
έকাড
(ʔরাতন)
ইউ/
ওয়াǿ
έকাড
(নȣন)
έমৗজা/
মহ̲া
έকাড
(ʔরাতন)
έমৗজা
έকাড
(নȣন)
έজ
এল
নং
Żাম
έকাড
(ʔরাতন)
Żাম/মহ̲া
/*পাড়া
έকাড
(নȣন)
আর
এম ও
έমাট
খɶ
খɶ
নং ˘িম (একের)
নদী
পথ
(একের)
বনাǝল (একের) ধরণ
1 2 3 4 5 6 7 8 9 10 11 12 13 14 15 16 17 18 19 20 21 22
ʚশাসিনক ইউিনেটর নােমর বানান
8 20 22 24 66 09 009 523 374 073 2 GHONARPARA έঘানারপাড়া 0 0 0.00 0 0
8 20 22 24 66 09 009 523 374 115 2 KHAJA MANJIL খাজা মিǢল 0 0 0.00 0 0
6 20 22 24 66 10 010 WARD NO. 10 ওয়াǿ নং ১০ 0 0 0.00 0 0 2
7 20 22 24 66 10 010 016 113 16 2 COX'SBAZAR (PART) কŨবাজার (অংশ) 10 9 0.00 0 0
8 20 22 24 66 10 010 016 113 050 2 DAKKHIN BAHARCHHARA দিţণ বাহারছড়া 0 0 0.00 0 0
8 20 22 24 66 10 010 016 113 133 2 KACHARI PAHAR COURT BUILDING AREA কাচারী পাহাড় έকাǫ িবি̦ং এিরয়া 0 0 0.00 0 0
8 20 22 24 66 10 010 016 113 155 2 MADHYA BAHARCHHARA মধα বাহারছড়া 0 0 0.00 0 0
8 20 22 24 66 10 010 016 113 159 2 MOHAJERPARA έমাহােজরপাড়া 0 0 0.00 0 0
8 20 22 24 66 10 010 016 113 181 2 OFFICERS COLONY NEW CIRCUIT HOUSE ROAD অিফসার কেলািন নȣন সািŊট হাউস έরাড 0 0 0.00 0 0
8 20 22 24 66 10 010 016 113 195 2 PASHCHIM IBP MATH পি̽ম আইিবিপ মাঠ 0 0 0.00 0 0
8 20 22 24 66 10 010 016 113 240 2 STADIUMPARA έ͵িডয়ামপাড়া 0 0 0.00 0 0
8 20 22 24 66 10 010 016 113 262 2 UTTAR BAHARCHHARA উȪর বাহারছড়া 0 0 0.00 0 0
6 20 22 24 66 11 011 WARD NO. 11 ওয়াǿ নং ১১ 0 0 0.00 0 0 2
7 20 22 24 66 11 011 016 113 16 2 COX'SBAZAR (PART) কŨবাজার (অংশ) 10 10 0.00 0 0
8 20 22 24 66 11 011 016 113 051 2 DAKKHIN BAHARCHHARA দিţণ বাহারছড়া 0 0 0.00 0 0
8 20 22 24 66 11 011 016 113 122 2 JAOTALA GARIR MATH ঝাউতলা গাড়ীর মাঠ 0 0 0.00 0 0
8 20 22 24 66 11 011 016 113 194 2 PASHCHIM BAHARCHHARA পি̽ম বাহারছড়া 0 0 0.00 0 0
8 20 22 24 66 11 011 016 113 263 2 UTTAR BAHARCHHARA উȪর বাহারছড়া 0 0 0.00 0 0
6 20 22 24 66 12 012 WARD NO. 12 ওয়াǿ নং ১২ 0 0 0.00 0 0 2
7 20 22 24 66 12 012 523 375 17 2 JHILANGJA (PART) িঝলংজা (অংশ) 7 6 0.00 0 0
8 20 22 24 66 12 012 523 375 010 2 ADARSHAGRAM HOUSING আদ̹Żাম হাউিজং 0 0 0.00 0 0
8 20 22 24 66 12 012 523 375 011 2 ANABIC SHAKTI COMMISSION আণিবক শিŗ কিমশন 0 0 0.00 0 0
29 / 79

-- 30 of 81 --

কাǿ িবভাগ
έকাড
έজলা
έকাড
িসিট
έকাড
উপ/
থানা
έকাড
έপৗর
έকাড
ইউ/
ওয়াǿ
έকাড
(ʔরাতন)
ইউ/
ওয়াǿ
έকাড
(নȣন)
έমৗজা/
মহ̲া
έকাড
(ʔরাতন)
έমৗজা
έকাড
(নȣন)
έজ
এল
নং
Żাম
έকাড
(ʔরাতন)
Żাম/মহ̲া
/*পাড়া
έকাড
(নȣন)
আর
এম ও
έমাট
খɶ
খɶ
নং ˘িম (একের)
নদী
পথ
(একের)
বনাǝল (একের) ধরণ
1 2 3 4 5 6 7 8 9 10 11 12 13 14 15 16 17 18 19 20 21 22
ʚশাসিনক ইউিনেটর নােমর বানান
8 20 22 24 66 12 012 523 375 022 2 BADSHARGHONA বাদশারেঘানা 0 0 0.00 0 0
8 20 22 24 66 12 012 523 375 043 2 DAKKHIN KALATALI দিţণ কলাতলী 0 0 0.00 0 0
8 20 22 24 66 12 012 523 375 064 2 FATAHARGHONA ফােতরেঘানা 0 0 0.00 0 0
8 20 22 24 66 12 012 523 375 115 2 KARACHIPARA করািচপাড়া 0 0 0.00 0 0
8 20 22 24 66 12 012 523 375 126 2 LIGHT HOUSEPARA লাইট হাউসপাড়া 0 0 0.00 0 0
8 20 22 24 66 12 012 523 375 197 2 SAIKATPARA ήসকতপাড়া 0 0 0.00 0 0
8 20 22 24 66 12 012 523 375 218 2 UTTAR KALATALI CHARPARA উȪর কলাতলী চরপাড়া 0 0 0.00 0 0	8 20 22 24 66 12 012 523 375 218 2 UTTAR KALATALI CHARPARA উȪর কলাতলী চরপাড়া 0 0 0.00 0 0
4 20 22 45 KUTUBDIA Ňȣবিদয়া 20296.13 0 0 1
6 20 22 45 13 109 ALI AKBAR DALE আলী আকবর έডইল 0 0 4051.79 0 491.02 1
7 20 22 45 13 109 110 038 7 1 ALI AKBAR DALE আলী আকবর έডইল 0 0 2655.23 0 303.45
8 20 22 45 13 109 110 038 03 010 1 ABDUL HADI SIKDERPARA আ˃ল হাদী িসকদারপাড়া 0 0 0.00 0 0
8 20 22 45 13 109 110 038 04 061 1 FATE ALI SIKDERPARA ফেত আলী িসকদারপাড়া 0 0 0.00 0 0
8 20 22 45 13 109 110 038 01 112 1 KIRONPARA িকরণপাড়া 0 0 0.00 0 0
8 20 22 45 13 109 110 038 06 133 1 MASHRAF ALI SIKDERPARA মশরফ আলী িসকদারপাড়া 0 0 0.00 0 0
8 20 22 45 13 109 110 038 02 144 1 NASIARPARA নািছয়ারপাড়া 0 0 0.00 0 0
8 20 22 45 13 109 110 038 07 165 1 PASHCHIM TABLERCHAR পি̽ম তাবােলরচর 0 0 0.00 0 0
8 20 22 45 13 109 110 038 08 166 1 PURBA TABLERCHAR ʕʻ তাবােলরচর 0 0 0.00 0 0
8 20 22 45 13 109 110 038 05 197 1 SANDWIPPARA সʅীপপাড়া 0 0 0.00 0 0
7 20 22 45 13 109 663 413 9 1 KHUDIARTEK ŭিদয়ারেটক 0 0 1799.96 0 187.52
8 20 22 45 13 109 663 413 01 110 1 KHUDIARTEK ŭিদয়ারেটক 0 0 0.00 0 0
6 20 22 45 27 143 BARA GHOP বড় έঘাপ 0 0 2555.11 0 106.6 1
7 20 22 45 27 143 221 076 6 1 BARA GHOP বড় έঘাপ 0 0 2558.61 0 0
8 20 22 45 27 143 221 076 07 010 1 AMZAKHALI অমজাখালী 0 0 0.00 0 0
30 / 79

-- 31 of 81 --

কাǿ িবভাগ
έকাড
έজলা
έকাড
িসিট
έকাড
উপ/
থানা
έকাড
έপৗর
έকাড
ইউ/
ওয়াǿ
έকাড
(ʔরাতন)
ইউ/
ওয়াǿ
έকাড
(নȣন)
έমৗজা/
মহ̲া
έকাড
(ʔরাতন)
έমৗজা
έকাড
(নȣন)
έজ
এল
নং
Żাম
έকাড
(ʔরাতন)
Żাম/মহ̲া
/*পাড়া
έকাড
(নȣন)
আর
এম ও
έমাট
খɶ
খɶ
নং ˘িম (একের)
নদী
পথ
(একের)
বনাǝল (একের) ধরণ
1 2 3 4 5 6 7 8 9 10 11 12 13 14 15 16 17 18 19 20 21 22
ʚশাসিনক ইউিনেটর নােমর বানান
8 20 22 45 27 143 221 076 03 011 1 ARAB SIKDERPARA আরব িসকদারপাড়া 0 0 0.00 0 0
8 20 22 45 27 143 221 076 06 072 1 GOLDARPARA έগালদারপাড়া 0 0 0.00 0 0
8 20 22 45 27 143 221 076 09 133 1 MADBARPARA মাতবরপাড়া 0 0 0.00 0 0
8 20 22 45 27 143 221 076 08 134 1 MAGDALE মগেডইল 0 0 0.00 0 0
8 20 22 45 27 143 221 076 05 135 1 MANOHARKHALI মেনাহরখালী 0 0 0.00 0 0
8 20 22 45 27 143 221 076 04 136 1 MURALIA ˥রিলয়া 0 0 0.00 0 0
8 20 22 45 27 143 221 076 02 187 1 ROMAIPARA έরামাইপাড়া 0 0 0.00 0 0	8 20 22 45 27 143 221 076 02 187 1 ROMAIPARA έরামাইপাড়া 0 0 0.00 0 0
8 20 22 45 27 143 221 076 01 218 1 UTTAR BARA GHOP উȪর বড় έঘাপ 0 0 0.00 0 0
6 20 22 45 40 210 DAKKHIN DHURUNG দিţণ ɡ̓ং 0 0 2478.06 0 0 1
7 20 22 45 40 210 442 152 4 1 DAKKHIN DHURUNG দিţণ ɡ̓ং 0 0 2487.65 0 0
8 20 22 45 40 210 442 152 06 040 1 DHURUNG KANCHA ɡ̓ং কাঁচা 0 0 0.00 0 0
8 20 22 45 40 210 442 152 07 071 1 GANI HADDARPARA গিন হɌারপাড়া 0 0 0.00 0 0
8 20 22 45 40 210 442 152 04 082 1 HYDER ALI MIAZIRPARA হায়দার আলী িময়ািজরপাড়া 0 0 0.00 0 0
8 20 22 45 40 210 442 152 01 113 1 KALACHANPARA কালাচানপাড়া 0 0 0.00 0 0
8 20 22 45 40 210 442 152 08 134 1 MUSARPARA ˥ছারপাড়া 0 0 0.00 0 0
8 20 22 45 40 210 442 152 09 145 1 NURARPARA ɮরারপাড়া 0 0 0.00 0 0
8 20 22 45 40 210 442 152 03 166 1 PASHCHIM ALI FAKIR DALE পি̽ম আলী ফিকর έডইল 0 0 0.00 0 0
8 20 22 45 40 210 442 152 02 167 1 PURBA ALI FAKIR DALE ʕʻ আলী ফিকর έডইল 0 0 0.00 0 0
8 20 22 45 40 210 442 152 05 198 1 SIKDERPARA িসকদারপাড়া 0 0 0.00 0 0
6 20 22 45 54 442 KAIYARBIL ήকয়ারিবল 0 0 2147.05 0 0 1
7 20 22 45 54 442 552 412 5 1 KAIYARBIL ήকয়ারিবল 0 0 1619.04 0 0
8 20 22 45 54 442 552 412 01 020 1 BINDAPARA িবʁাপাড়া 0 0 0.00 0 0
8 20 22 45 54 442 552 412 08 071 1 GILACHHARI িঘলাছিড় 0 0 0.00 0 0
31 / 79

-- 32 of 81 --

কাǿ িবভাগ
έকাড
έজলা
έকাড
িসিট
έকাড
উপ/
থানা
έকাড
έপৗর
έকাড
ইউ/
ওয়াǿ
έকাড
(ʔরাতন)
ইউ/
ওয়াǿ
έকাড
(নȣন)
έমৗজা/
মহ̲া
έকাড
(ʔরাতন)
έমৗজা
έকাড
(নȣন)
έজ
এল
নং
Żাম
έকাড
(ʔরাতন)
Żাম/মহ̲া
/*পাড়া
έকাড
(নȣন)
আর
এম ও
έমাট
খɶ
খɶ
নং ˘িম (একের)
নদী
পথ
(একের)
বনাǝল (একের) ধরণ
1 2 3 4 5 6 7 8 9 10 11 12 13 14 15 16 17 18 19 20 21 22
ʚশাসিনক ইউিনেটর নােমর বানান
8 20 22 45 54 442 552 412 05 112 1 KAILASYAGHONA ήকলাসαােঘানা 0 0 0.00 0 0
8 20 22 45 54 442 552 412 04 133 1 MADHYA KAIYARBIL মধα ήকয়ারিবল 0 0 0.00 0 0
8 20 22 45 54 442 552 412 03 134 1 MAHAJANPARA মহাজনপাড়া 0 0 0.00 0 0
8 20 22 45 54 442 552 412 06 135 1 MALAMCHAR মলমচর 0 0 0.00 0 0
8 20 22 45 54 442 552 412 02 136 1 MATIR BAPERPARA মিতর বােপরপাড়া 0 0 0.00 0 0
8 20 22 45 54 442 552 412 09 137 1 MIAZIPARA িময়ািজপাড়া 0 0 0.00 0 0
8 20 22 45 54 442 552 412 07 168 1 PARAN SIKDERPARA পরান িসকদারপাড়া 0 0 0.00 0 0	8 20 22 45 54 442 552 412 07 168 1 PARAN SIKDERPARA পরান িসকদারপাড়া 0 0 0.00 0 0
6 20 22 45 67 476 LEMSHIKHALI έলমশীখালী 0 0 3997.70 0 224.88 1
7 20 22 45 67 476 773 451 3 1 LEMSHIKHALI έলমশীখালী 0 0 3982.29 0 0
8 20 22 45 67 476 773 451 01 010 1 AKBAR ALI SIKDERPARA আকবর আলী িসকদারপাড়া 0 0 0.00 0 0
8 20 22 45 67 476 773 451 05 071 1 GAINAKATA গাইনাকাটা 0 0 0.00 0 0
8 20 22 45 67 476 773 451 06 082 1 HABIB HAJIRPARA হািবব হাজীরপাড়া 0 0 0.00 0 0
8 20 22 45 67 476 773 451 03 083 1 HAZARIAPARA হাজািরয়াপাড়া 0 0 0.00 0 0
8 20 22 45 67 476 773 451 08 114 1 KARALAPARA করলাপাড়া 0 0 0.00 0 0
8 20 22 45 67 476 773 451 04 135 1 MAJHERPARA মােঝরপাড়া 0 0 0.00 0 0
8 20 22 45 67 476 773 451 02 166 1 PEYARAKATA έপয়ারাকাটা 0 0 0.00 0 0
8 20 22 45 67 476 773 451 09 197 1 SHAHZIRPARA শাহজীরপাড়া 0 0 0.00 0 0
8 20 22 45 67 476 773 451 07 198 1 SIDDQUE HAJIRPARA িছিɌক হাজীরপাড়া 0 0 0.00 0 0
6 20 22 45 81 774 UTTAR DHURUNG উȪর ɡ̓ং 0 0 3975.92 0 44.33 1
7 20 22 45 81 774 331 114 1 1 CHAR DHURUNG চর ɡ̓ং 0 0 890.85 0 0
8 20 22 45 81 774 331 114 01 030 1 CHAR DHURUNG চর ɡ̓ং 0 0 0.00 0 0
7 20 22 45 81 774 994 785 2 1 UTTAR DHURUNG উȪর ɡ̓ং 0 0 3185.07 0 0
8 20 22 45 81 774 994 785 07 010 1 AKBAR BALIRPARA আকবর বলীরপাড়া 0 0 0.00 0 0
32 / 79

-- 33 of 81 --

কাǿ িবভাগ
έকাড
έজলা
έকাড
িসিট
έকাড
উপ/
থানা
έকাড
έপৗর
έকাড
ইউ/
ওয়াǿ
έকাড
(ʔরাতন)
ইউ/
ওয়াǿ
έকাড
(নȣন)
έমৗজা/
মহ̲া
έকাড
(ʔরাতন)
έমৗজা
έকাড
(নȣন)
έজ
এল
নং
Żাম
έকাড
(ʔরাতন)
Żাম/মহ̲া
/*পাড়া
έকাড
(নȣন)
আর
এম ও
έমাট
খɶ
খɶ
নং ˘িম (একের)
নদী
পথ
(একের)
বনাǝল (একের) ধরণ
1 2 3 4 5 6 7 8 9 10 11 12 13 14 15 16 17 18 19 20 21 22
ʚশাসিনক ইউিনেটর নােমর বানান
8 20 22 45 81 774 994 785 03 011 1 AZIM UDDIN SIKDERPARA আিজম উিɌন িসকদারপাড়া 0 0 0.00 0 0
8 20 22 45 81 774 994 785 05 022 1 BAKKHALI বাকখালী 0 0 0.00 0 0
8 20 22 45 81 774 994 785 08 033 1 CHHADERGHONA ছােদরেঘানা 0 0 0.00 0 0
8 20 22 45 81 774 994 785 04 064 1 FAYJANIRPARA ফয়জািনরপাড়া 0 0 0.00 0 0
8 20 22 45 81 774 994 785 09 065 1 FORARPARA έফাড়ারপাড়া 0 0 0.00 0 0
8 20 22 45 81 774 994 785 02 146 1 NAYAKATA নয়াকাটা 0 0 0.00 0 0
8 20 22 45 81 774 994 785 06 197 1 SIRAJYARPARA িসরাজαারপাড়া 0 0 0.00 0 0	8 20 22 45 81 774 994 785 06 197 1 SIRAJYARPARA িসরাজαারপাড়া 0 0 0.00 0 0
8 20 22 45 81 774 994 785 01 208 1 TELIAKATA έতিলয়াকাটা 0 0 0.00 0 0
4 20 22 49 MAHESHKHALI মেহশখালী 54448.64 0 30705.49 1
6 20 22 49 11 142 BARA MAHESHKHALI বড় মেহশখালী 0 0 3732.00 0 0 1
7 20 22 49 11 142 064 074 23 1 BARA MAHESHKHALI বড় মেহশখালী 0 0 2916.40 0 0
8 20 22 49 11 142 064 074 12 020 1 BARA MAHESHKHALI HINDUPARA বড় মেহশখালী িহʂপাড়া 0 0 0.00 0 0
8 20 22 49 11 142 064 074 03 021 1 BARA DEIL বড় έডইল 0 0 0.00 0 0
8 20 22 49 11 142 064 074 14 032 1 CHHOTA KULALPARA έছাট Ňলালপাড়া 0 0 0.00 0 0
8 20 22 49 11 142 064 074 02 063 1 FAKIRAKATA ফিকরাকাটা 0 0 0.00 0 0
8 20 22 49 11 142 064 074 13 074 1 GORASTHANPARA έগারͼানপাড়া 0 0 0.00 0 0
8 20 22 49 11 142 064 074 09 075 1 GULGULIAPARA ŶলŶিলয়াপাড়া 0 0 0.00 0 0
8 20 22 49 11 142 064 074 19 136 1 MADHUAR DEIL মɡয়ার έডইল 0 0 0.00 0 0
8 20 22 49 11 142 064 074 06 137 1 MAGRIAKATA মগিরয়াকাটা 0 0 0.00 0 0
8 20 22 49 11 142 064 074 07 138 1 MAHARAPARA মাহারাপাড়া 0 0 0.00 0 0
8 20 22 49 11 142 064 074 04 139 1 MAJHER DEIL মােঝর έডইল 0 0 0.00 0 0
8 20 22 49 11 142 064 074 08 140 1 MANUPARA মɭপাড়া 0 0 0.00 0 0
33 / 79

-- 34 of 81 --

কাǿ িবভাগ
έকাড
έজলা
έকাড
িসিট
έকাড
উপ/
থানা
έকাড
έপৗর
έকাড
ইউ/
ওয়াǿ
έকাড
(ʔরাতন)
ইউ/
ওয়াǿ
έকাড
(নȣন)
έমৗজা/
মহ̲া
έকাড
(ʔরাতন)
έমৗজা
έকাড
(নȣন)
έজ
এল
নং
Żাম
έকাড
(ʔরাতন)
Żাম/মহ̲া
/*পাড়া
έকাড
(নȣন)
আর
এম ও
έমাট
খɶ
খɶ
নং ˘িম (একের)
নদী
পথ
(একের)
বনাǝল (একের) ধরণ
1 2 3 4 5 6 7 8 9 10 11 12 13 14 15 16 17 18 19 20 21 22
ʚশাসিনক ইউিনেটর নােমর বানান
8 20 22 49 11 142 064 074 17 141 1 MIAJIRPARA িময়ািজরপাড়া 0 0 0.00 0 0
8 20 22 49 11 142 064 074 18 142 1 MUHURIR DEIL মΒরীর έডইল 0 0 0.00 0 0
8 20 22 49 11 142 064 074 05 143 1 MUNSIR DEIL ˥ʒীর έডইল 0 0 0.00 0 0
8 20 22 49 11 142 064 074 15 154 1 NIJ TALUKPARA িনজ তা̛কপাড়া 0 0 0.00 0 0
8 20 22 49 11 142 064 074 20 175 1 PAHARTALI পাহাড়তলী 0 0 0.00 0 0
8 20 22 49 11 142 064 074 10 176 1 PASHCHIM DEBENGGAPARA পি̽ম έদেবƝাপাড়া 0 0 0.00 0 0
8 20 22 49 11 142 064 074 11 177 1 PASHCHIM SIPAHIPARA পি̽ম িসপাহীপাড়া 0 0 0.00 0 0	8 20 22 49 11 142 064 074 11 177 1 PASHCHIM SIPAHIPARA পি̽ম িসপাহীপাড়া 0 0 0.00 0 0
8 20 22 49 11 142 064 074 16 208 1 SATGHARIAPARA সাতঘিরয়াপাড়া 0 0 0.00 0 0
8 20 22 49 11 142 064 074 01 209 1 SUGRIRIPARA	ͦ	 িŻিরপাড়া 0 0 0.00 0 0
7 20 22 49 11 142 224 223 21 1 FAKIRAGHONA ফিকরােঘানা 0 0 714.76 0 0
8 20 22 49 11 142 224 223 02 160 1 PASHCHIM FAKIRAGHONA পি̽ম ফিকরােঘানা 0 0 0.00 0 0
8 20 22 49 11 142 224 223 01 161 1 PURBA FAKIRAGHONA ʕʻ ফিকরােঘানা 0 0 0.00 0 0
7 20 22 49 11 142 481 374 22 1 JAGIRAGHONA জািগরােঘানা 0 0 100.84 0 0
8 20 22 49 11 142 481 374 01 100 1 JAGIRAGHONA জািগরােঘানা 0 0 0.00 0 0
6 20 22 49 18 176 CHHOTOA MAHESHKHALI έছাট মেহশখালী 0 0 2557.59 0 230 1
7 20 22 49 18 176 096 111 25 1 CHHOTA MAHESHKHALI έছাট মেহশখালী 0 0 1402.00 0 0
8 20 22 49 18 176 096 111 06 010 1 AHMADIAKATA আহমিদয়াকাটা 0 0 0.00 0 0
8 20 22 49 18 176 096 111 01 031 1 CHHOTA MAHESHKHALI UTTARKUL DAKKHINKUL-1 έছাট মেহশখালী উȪরňল দিţণňল-1 0 0 0.00 0 0
8 20 22 49 18 176 096 111 02 032 1 CHHOTA MAHESHKHALI UTTARKUL DAKKHINKUL-2 έছাট মেহশখালী উȪরňল দিţণňল-২ 0 0 0.00 0 0
8 20 22 49 18 176 096 111 04 123 1 LAMBAGHONA ল˿ােঘানা 0 0 0.00 0 0
8 20 22 49 18 176 096 111 05 134 1 MAIJPARA মাইজপাড়া 0 0 0.00 0 0
8 20 22 49 18 176 096 111 07 135 1 MUDIRCHHARA ˥িদরছড়া 0 0 0.00 0 0
34 / 79

-- 35 of 81 --

কাǿ িবভাগ
έকাড
έজলা
έকাড
িসিট
έকাড
উপ/
থানা
έকাড
έপৗর
έকাড
ইউ/
ওয়াǿ
έকাড
(ʔরাতন)
ইউ/
ওয়াǿ
έকাড
(নȣন)
έমৗজা/
মহ̲া
έকাড
(ʔরাতন)
έমৗজা
έকাড
(নȣন)
έজ
এল
নং
Żাম
έকাড
(ʔরাতন)
Żাম/মহ̲া
/*পাড়া
έকাড
(নȣন)
আর
এম ও
έমাট
খɶ
খɶ
নং ˘িম (একের)
নদী
পথ
(একের)
বনাǝল (একের) ধরণ
1 2 3 4 5 6 7 8 9 10 11 12 13 14 15 16 17 18 19 20 21 22
ʚশাসিনক ইউিনেটর নােমর বানান
8 20 22 49 18 176 096 111 03 216 1 UMBANIAPARA উ˿ািনয়াপাড়া 0 0 0.00 0 0
7 20 22 49 18 176 128 148 24 1 DAKKHIN NALBILA দিţণ নলিবলা 0 0 304.96 0 0
8 20 22 49 18 176 128 148 01 040 1 DAKKHIN NALBILA দিţণ নলিবলা 0 0 0.00 0 0
8 20 22 49 18 176 128 148 02 191 1 SIPAHIRPARA িসপাহীরপাড়া 0 0 0.00 0 0
7 20 22 49 18 176 802 600 26 1 PAHAR THAKURTALA পাহাড় ঠাŇরতলা 0 0 461.41 0 110
8 20 22 49 18 176 802 600 01 160 1 PAHAR THAKURTALA পাহাড় ঠাŇরতলা 0 0 0.00 0 0
7 20 22 49 18 176 962 749 27 1 THAKURTALA ঠাŇরতলা 0 0 389.22 0 120	7 20 22 49 18 176 962 749 27 1 THAKURTALA ঠাŇরতলা 0 0 389.22 0 120
8 20 22 49 18 176 962 749 03 040 1 DEILPARA έডইলপাড়া 0 0 0.00 0 0
8 20 22 49 18 176 962 749 02 201 1 TELIPARA έতিলপাড়া 0 0 0.00 0 0
8 20 22 49 18 176 962 749 01 202 1 THAKURTALA ঠাŇরতলা 0 0 0.00 0 0
6 20 22 49 23 210 DHALGHATA ধলঘাটা 0 0 494.00 0 1420 1
7 20 22 49 23 210 160 149 2 1 DHALGHATA ধলঘাটা 0 0 494.00 0 1420
8 20 22 49 23 210 160 149 12 020 1 BAN JAMIRAGHONA বন জািমরােঘানা 0 0 0.00 0 0
8 20 22 49 23 210 160 149 03 021 1 BEGUNBUNIA έবŶনʸিনয়া 0 0 0.00 0 0
8 20 22 49 23 210 160 149 09 042 1 DAKKHIN MUHURIGHONA দিţণ ˥Βরীেঘানা 0 0 0.00 0 0
8 20 22 49 23 210 160 149 14 043 1 DAKKHIN SUTARIA দিţণ ͦ তিরয়া 0 0 0.00 0 0
8 20 22 49 23 210 160 149 07 084 1 HAMIDKHALI হািমদখালী 0 0 0.00 0 0
8 20 22 49 23 210 160 149 19 115 1 KHATUR BAPERPARA খাȣর বােপরপাড়া 0 0 0.00 0 0
8 20 22 49 23 210 160 149 04 146 1 NAPITPARA নািপতপাড়া 0 0 0.00 0 0
8 20 22 49 23 210 160 149 13 147 1 NASIR MOHAMMAD DEIL নািছর έমাহা̅দ έডইল 0 0 0.00 0 0
8 20 22 49 23 210 160 149 02 168 1 PANDITER DEIL পিȘেতর έডইল 0 0 0.00 0 0
8 20 22 49 23 210 160 149 08 169 1 PANIRCHHARA পািনরছড়া 0 0 0.00 0 0
8 20 22 49 23 210 160 149 01 200 1 SAPMARAR DEIL সাপমারার έডইল 0 0 0.00 0 0
35 / 79

-- 36 of 81 --

কাǿ িবভাগ
έকাড
έজলা
έকাড
িসিট
έকাড
উপ/
থানা
έকাড
έপৗর
έকাড
ইউ/
ওয়াǿ
έকাড
(ʔরাতন)
ইউ/
ওয়াǿ
έকাড
(নȣন)
έমৗজা/
মহ̲া
έকাড
(ʔরাতন)
έমৗজা
έকাড
(নȣন)
έজ
এল
নং
Żাম
έকাড
(ʔরাতন)
Żাম/মহ̲া
/*পাড়া
έকাড
(নȣন)
আর
এম ও
έমাট
খɶ
খɶ
নং ˘িম (একের)
নদী
পথ
(একের)
বনাǝল (একের) ধরণ
1 2 3 4 5 6 7 8 9 10 11 12 13 14 15 16 17 18 19 20 21 22
ʚশাসিনক ইউিনেটর নােমর বানান
8 20 22 49 23 210 160 149 10 201 1 SIKDARPARA িসকদারপাড়া 0 0 0.00 0 0
8 20 22 49 23 210 160 149 05 202 1 SUTARIA	ͦ	 তিরয়া 0 0 0.00 0 0
8 20 22 49 23 210 160 149 11 223 1 UTTAR MUHURIGHONA উȪর ˥Βরীেঘানা 0 0 0.00 0 0
6 20 22 49 47 343 HOANAK έহায়ানক 0 0 9197.99 0 1128.68 1
7 20 22 49 47 343 032 037 15 1 AMABASYAKHALI অমাবশαাখালী 0 0 3355.37 0 1128.68
7 20 22 49 47 343 353 299 13 1 HARIARCHHARA হিরয়ারছড়া 0 0 951.07 0 0
8 20 22 49 47 343 353 299 02 030 1 CHHANKHOLAPARA ছনেখালাপাড়া 0 0 0.00 0 0	8 20 22 49 47 343 353 299 02 030 1 CHHANKHOLAPARA ছনেখালাপাড়া 0 0 0.00 0 0
8 20 22 49 47 343 353 299 01 041 1 DEILYAGHONA έডইলαােঘানা 0 0 0.00 0 0
8 20 22 49 47 343 353 299 05 112 1 KANTHALTALIPARA কাঁঠালতলীপাড়া 0 0 0.00 0 0
8 20 22 49 47 343 353 299 04 213 1 UTTAR PASHCHIMKUL HARIARCHHARA উȪর পি̽মŇল হিরয়ারছড়া 0 0 0.00 0 0
8 20 22 49 47 343 353 299 03 214 1 UTTAR PURBAKUL HARIARCHHARA উȪর ʕʻňল হিরয়ারছড়া 0 0 0.00 0 0
7 20 22 49 47 343 385 300 16 1 HETHALIA έহথািলয়া 0 0 1740.98 0 0
7 20 22 49 47 343 417 301 14 1 HOANAK έহায়ানক 0 0 1745.98 0 0
8 20 22 49 47 343 417 301 08 020 1 BANIAKATA বািনয়াকাটা 0 0 0.00 0 0
8 20 22 49 47 343 417 301 10 021 1 BARACHHARA MUSLIMPARA বড়ছড়া ˥সিলমপাড়া 0 0 0.00 0 0
8 20 22 49 47 343 417 301 11 022 1 BARCHHARA HINDUPARA বড়ছড়া িহʂপাড়া 0 0 0.00 0 0
8 20 22 49 47 343 417 301 12 063 1 FAKIRKHALIPARA ফিকরখালীপাড়া 0 0 0.00 0 0
8 20 22 49 47 343 417 301 04 084 1 HAMIDUR RAHMANPARA হািমɃর রহমানপাড়া 0 0 0.00 0 0
8 20 22 49 47 343 417 301 07 105 1 JAMALPARA জামালপাড়া 0 0 0.00 0 0
8 20 22 49 47 343 417 301 01 116 1 KALAGAZIRPARA কালাগাজীরপাড়া 0 0 0.00 0 0
8 20 22 49 47 343 417 301 14 117 1 KERUNTALI έক̓নতলী 0 0 0.00 0 0
8 20 22 49 47 343 417 301 02 118 1 KHORSHAPARA έখারশাপাড়া 0 0 0.00 0 0
36 / 79

-- 37 of 81 --

কাǿ িবভাগ
έকাড
έজলা
έকাড
িসিট
έকাড
উপ/
থানা
έকাড
έপৗর
έকাড
ইউ/
ওয়াǿ
έকাড
(ʔরাতন)
ইউ/
ওয়াǿ
έকাড
(নȣন)
έমৗজা/
মহ̲া
έকাড
(ʔরাতন)
έমৗজা
έকাড
(নȣন)
έজ
এল
নং
Żাম
έকাড
(ʔরাতন)
Żাম/মহ̲া
/*পাড়া
έকাড
(নȣন)
আর
এম ও
έমাট
খɶ
খɶ
নং ˘িম (একের)
নদী
পথ
(একের)
বনাǝল (একের) ধরণ
1 2 3 4 5 6 7 8 9 10 11 12 13 14 15 16 17 18 19 20 21 22
ʚশাসিনক ইউিনেটর নােমর বানান
8 20 22 49 47 343 417 301 09 139 1 MAJHERPARA মােঝরপাড়া 0 0 0.00 0 0
8 20 22 49 47 343 417 301 03 170 1 PADMAPUKURPARA পɞʔŇরপাড়া 0 0 0.00 0 0
8 20 22 49 47 343 417 301 06 171 1 PUINCHHARA HINDUPARA ʔইছড়া িহʂপাড়া 0 0 0.00 0 0
8 20 22 49 47 343 417 301 05 172 1 PUINCHHARA MUSLIMPARA ʔঁইছড়া ˥সিলমপাড়া 0 0 0.00 0 0
8 20 22 49 47 343 417 301 13 193 1 RAJUARGHONA রাǁয়ারেঘানা 0 0 0.00 0 0
7 20 22 49 47 343 834 601 17 1 PANIRCHHARA পািনরছড়া 0 0 1404.59 0 0
8 20 22 49 47 343 834 601 02 010 1 AIDYAMULAPARA আইদαা˥লাপাড়া 0 0 0.00 0 0	8 20 22 49 47 343 834 601 02 010 1 AIDYAMULAPARA আইদαা˥লাপাড়া 0 0 0.00 0 0
8 20 22 49 47 343 834 601 08 021 1 BARAGHARPARA বারঘরপাড়া 0 0 0.00 0 0
8 20 22 49 47 343 834 601 06 042 1 DAKKHIN DHALGHATAPARA দিţণ ধলঘাটাপাড়া 0 0 0.00 0 0
8 20 22 49 47 343 834 601 01 043 1 DAKKHINKUL KERUNTALI HINDUPARA দিţণŇল έক̓নতলী িহʂপাড়া 0 0 0.00 0 0
8 20 22 49 47 343 834 601 09 104 1 JAIRKATA ήজরকাটা 0 0 0.00 0 0
8 20 22 49 47 343 834 601 04 115 1 KALALIAKATA কালািলয়াকাটা 0 0 0.00 0 0
8 20 22 49 47 343 834 601 10 136 1 MOHARAKATA έমাহরাকাটা 0 0 0.00 0 0
8 20 22 49 47 343 834 601 03 147 1 NAYAPARA নয়াপাড়া 0 0 0.00 0 0
8 20 22 49 47 343 834 601 07 168 1 PANIRCHHARA পািনরছড়া 0 0 0.00 0 0
8 20 22 49 47 343 834 601 05 219 1 UTTAR DHALGHATAPARA উȪর ধলঘাটাপাড়া 0 0 0.00 0 0
6 20 22 49 59 443 KALARMARCHHARA কালারমারছড়া 0 0 7196.05 0 455.81 1
7 20 22 49 59 443 449 931 6 1 YOUNUSKHALI ইউɭছখালী 0 0 272.10 0 0
8 20 22 49 59 443 449 931 02 130 1 MAIJPARA মাইজপাড়া 0 0 0.00 0 0
8 20 22 49 59 443 449 931 01 251 1 YOUNUSKHALI ইউɭছখালী 0 0 0.00 0 0
7 20 22 49 59 443 513 375 5 1 JHAPUA ঝাʔয়া 0 0 1523.19 0 163.64
8 20 22 49 59 443 513 375 07 030 1 CHIKNIPARA িচকনীপাড়া 0 0 0.00 0 0
37 / 79

-- 38 of 81 --

কাǿ িবভাগ
έকাড
έজলা
έকাড
িসিট
έকাড
উপ/
থানা
έকাড
έপৗর
έকাড
ইউ/
ওয়াǿ
έকাড
(ʔরাতন)
ইউ/
ওয়াǿ
έকাড
(নȣন)
έমৗজা/
মহ̲া
έকাড
(ʔরাতন)
έমৗজা
έকাড
(নȣন)
έজ
এল
নং
Żাম
έকাড
(ʔরাতন)
Żাম/মহ̲া
/*পাড়া
έকাড
(নȣন)
আর
এম ও
έমাট
খɶ
খɶ
নং ˘িম (একের)
নদী
পথ
(একের)
বনাǝল (একের) ধরণ
1 2 3 4 5 6 7 8 9 10 11 12 13 14 15 16 17 18 19 20 21 22
ʚশাসিনক ইউিনেটর নােমর বানান
8 20 22 49 59 443 513 375 05 041 1 DAKKHIN SARDARGHONA দিţণ সɆারেঘানা 0 0 0.00 0 0
8 20 22 49 59 443 513 375 02 072 1 GALACHIBA গলািচবা 0 0 0.00 0 0
8 20 22 49 59 443 513 375 01 133 1 MARAKKAGHONA মারাŐােঘানা 0 0 0.00 0 0
8 20 22 49 59 443 513 375 03 164 1 PAHARTALI পাহাড়তলী 0 0 0.00 0 0
8 20 22 49 59 443 513 375 06 195 1 SATGHARPARA সাতঘরপাড়া 0 0 0.00 0 0
8 20 22 49 59 443 513 375 04 216 1 UTTAR SARDARGHONA উȪর সɆারেঘানা 0 0 0.00 0 0
7 20 22 49 59 443 545 412 3 1 KALARMARCHHARA কালারমারছড়া 0 0 2885.65 0 140	7 20 22 49 59 443 545 412 3 1 KALARMARCHHARA কালারমারছড়া 0 0 2885.65 0 140
8 20 22 49 59 443 545 412 03 020 1 BAZARPARA বাজারপাড়া 0 0 0.00 0 0
8 20 22 49 59 443 545 412 09 031 1 CHHAMIRAGHONA ছািমরােঘানা 0 0 0.00 0 0
8 20 22 49 59 443 545 412 13 042 1 DEILYAGHONA έডইলαােঘানা 0 0 0.00 0 0
8 20 22 49 59 443 545 412 07 063 1 FAKIR JOMPARA ফিকর έজামপাড়া 0 0 0.00 0 0
8 20 22 49 59 443 545 412 05 064 1 FAKIRAGHONA ফিকরােঘানা 0 0 0.00 0 0
8 20 22 49 59 443 545 412 04 115 1 KAYARPARA কায়ারপাড়া 0 0 0.00 0 0
8 20 22 49 59 443 545 412 12 136 1 MIJJIRPARA িমিǈরপাড়া 0 0 0.00 0 0
8 20 22 49 59 443 545 412 08 137 1 MOHAMMAD SHAHGHONA έমাহা̅দ শাহেঘানা 0 0 0.00 0 0
8 20 22 49 59 443 545 412 02 148 1 NAYAPARA নয়াপাড়া 0 0 0.00 0 0
8 20 22 49 59 443 545 412 10 149 1 NONACHHARI PURBAPARA έনানাছিড় ʕʻপাড়া 0 0 0.00 0 0
8 20 22 49 59 443 545 412 06 160 1 OFFICEPARA অিফসপাড়া 0 0 0.00 0 0
8 20 22 49 59 443 545 412 11 171 1 PASHCHIM ANDHARGHONA পি̽ম Ńধারেঘানা 0 0 0.00 0 0
8 20 22 49 59 443 545 412 01 202 1 SONAPARA έসানাপাড়া 0 0 0.00 0 0
7 20 22 49 59 443 577 413 8 1 KALIGANJ কািলগǢ 0 0 1075.62 0 152.17
7 20 22 49 59 443 994 786 7 1 UTTAR NALBILA উȪর নলিবলা 0 0 1439.04 0 0
8 20 22 49 59 443 994 786 01 010 1 AFZALIAPARA আফজািলয়াপাড়া 0 0 0.00 0 0
38 / 79

-- 39 of 81 --

কাǿ িবভাগ
έকাড
έজলা
έকাড
িসিট
έকাড
উপ/
থানা
έকাড
έপৗর
έকাড
ইউ/
ওয়াǿ
έকাড
(ʔরাতন)
ইউ/
ওয়াǿ
έকাড
(নȣন)
έমৗজা/
মহ̲া
έকাড
(ʔরাতন)
έমৗজা
έকাড
(নȣন)
έজ
এল
নং
Żাম
έকাড
(ʔরাতন)
Żাম/মহ̲া
/*পাড়া
έকাড
(নȣন)
আর
এম ও
έমাট
খɶ
খɶ
নং ˘িম (একের)
নদী
পথ
(একের)
বনাǝল (একের) ধরণ
1 2 3 4 5 6 7 8 9 10 11 12 13 14 15 16 17 18 19 20 21 22
ʚশাসিনক ইউিনেটর নােমর বানান
8 20 22 49 59 443 994 786 02 011 1 AKBAR HAJIRPARA আকবর হাজীরপাড়া 0 0 0.00 0 0
8 20 22 49 59 443 994 786 04 022 1 BARUAPARA বΞয়াপাড়া 0 0 0.00 0 0
8 20 22 49 59 443 994 786 06 033 1 CHALIATALI চািলয়াতলী 0 0 0.00 0 0
8 20 22 49 59 443 994 786 05 044 1 DARGAHGHONA দরগাহেঘানা 0 0 0.00 0 0
8 20 22 49 59 443 994 786 03 135 1 MAJHERPARA মােঝরপাড়া 0 0 0.00 0 0
6 20 22 49 62 452 KUTUBJOM Ňȣবেজাম 0 0 7479.20 0 8218.7 1
7 20 22 49 62 452 256 260 18 1 GHATIBHANGA ঘিটভাƝা 0 0 2571.46 0 4810	7 20 22 49 62 452 256 260 18 1 GHATIBHANGA ঘিটভাƝা 0 0 2571.46 0 4810
8 20 22 49 62 452 256 260 01 070 1 GHATIBHANGA ঘিটভাƝা 0 0 0.00 0 0
8 20 22 49 62 452 256 260 02 201 1 TAJIAKATA তািজয়াকাটা 0 0 0.00 0 0
7 20 22 49 62 452 609 414 20 1 KUTUBJOM Ňȣবেজাম 0 0 1942.37 0 217
8 20 22 49 62 452 609 414 04 040 1 DAILARPARA ήদলারপাড়া 0 0 0.00 0 0
8 20 22 49 62 452 609 414 06 111 1 KHANDAKARPARA খʁকারপাড়া 0 0 0.00 0 0
8 20 22 49 62 452 609 414 01 112 1 KUTUBJOM Ňȣবেজাম 0 0 0.00 0 0
8 20 22 49 62 452 609 414 05 133 1 MEHERIAPARA έমেহিরয়াপাড়া 0 0 0.00 0 0
8 20 22 49 62 452 609 414 02 144 1 NAYAPARA নয়াপাড়া 0 0 0.00 0 0
8 20 22 49 62 452 609 414 03 165 1 PASHCHIMPARA পি̽মপাড়া 0 0 0.00 0 0
7 20 22 49 62 452 930 712 19 1 SONADIA έসানািদয়া 0 0 2965.37 0 3191.7
8 20 22 49 62 452 930 712 01 190 1 SONADIA έসানািদয়া 0 0 0.00 0 0
6 20 22 49 71 511 MATARBARI মাতারবািড় 0 0 6682.00 0 282 1
7 20 22 49 71 511 706 489 1 1 MATARBARI মাতারবািড় 0 0 6682.00 0 282
8 20 22 49 71 511 706 489 10 020 1 BALIRPARA বলীরপাড়া 0 0 0.00 0 0
8 20 22 49 71 511 706 489 02 021 1 BANDI SIKDARPARA বািɶ িসকদারপাড়া 0 0 0.00 0 0
8 20 22 49 71 511 706 489 01 022 1 BANIAKATA JELEPARA বািনয়াকাটা έজেলপাড়া 0 0 0.00 0 0
39 / 79

-- 40 of 81 --

কাǿ িবভাগ
έকাড
έজলা
έকাড
িসিট
έকাড
উপ/
থানা
έকাড
έপৗর
έকাড
ইউ/
ওয়াǿ
έকাড
(ʔরাতন)
ইউ/
ওয়াǿ
έকাড
(নȣন)
έমৗজা/
মহ̲া
έকাড
(ʔরাতন)
έমৗজা
έকাড
(নȣন)
έজ
এল
নং
Żাম
έকাড
(ʔরাতন)
Żাম/মহ̲া
/*পাড়া
έকাড
(নȣন)
আর
এম ও
έমাট
খɶ
খɶ
নং ˘িম (একের)
নদী
পথ
(একের)
বনাǝল (একের) ধরণ
1 2 3 4 5 6 7 8 9 10 11 12 13 14 15 16 17 18 19 20 21 22
ʚশাসিনক ইউিনেটর নােমর বানান
8 20 22 49 71 511 706 489 08 043 1 DHUPIPARA ɡিপপাড়া 0 0 0.00 0 0
8 20 22 49 71 511 706 489 13 064 1 FULJANMURA ʫলজান˥ড়া 0 0 0.00 0 0
8 20 22 49 71 511 706 489 16 085 1 HANGSA MIAJIRPARA হংস িময়ািজরপাড়া 0 0 0.00 0 0
8 20 22 49 71 511 706 489 07 126 1 LAILYAGHONA লাইলαােঘানা 0 0 0.00 0 0
8 20 22 49 71 511 706 489 17 137 1 MAG DEIL মগ έডইল 0 0 0.00 0 0
8 20 22 49 71 511 706 489 14 138 1 MAIJPARA মাইজপাড়া 0 0 0.00 0 0
8 20 22 49 71 511 706 489 15 139 1 MAJHER DEIL মােঝর έডইল 0 0 0.00 0 0	8 20 22 49 71 511 706 489 15 139 1 MAJHER DEIL মােঝর έডইল 0 0 0.00 0 0
8 20 22 49 71 511 706 489 21 140 1 MANHAJIR PARA-1 মনহাজীর পাড়া-১ 0 0 0.00 0 0
8 20 22 49 71 511 706 489 05 151 1 NAYAPARA নয়াপাড়া 0 0 0.00 0 0
8 20 22 49 71 511 706 489 03 172 1 PASHCHIM SIKDARPARA পি̽ম িসকদারপাড়া 0 0 0.00 0 0
8 20 22 49 71 511 706 489 19 203 1 SAIRAR DEIL সাইরার έডইল 0 0 0.00 0 0
8 20 22 49 71 511 706 489 18 204 1 SARDARPARA সɆারপাড়া 0 0 0.00 0 0
8 20 22 49 71 511 706 489 20 205 1 SATGHARPARA সাতঘরপাড়া 0 0 0.00 0 0
8 20 22 49 71 511 706 489 12 216 1 TITA MAJHIRPARA িততা মািঝরপাড়া 0 0 0.00 0 0
8 20 22 49 71 511 706 489 11 227 1 UTTAR MIAJIRPARA উȪর িময়ািজরপাড়া 0 0 0.00 0 0
8 20 22 49 71 511 706 489 04 228 1 UTTAR PURBA SIKDARPARA উȪর ʕʻ িসকদারপাড়া 0 0 0.00 0 0
8 20 22 49 71 511 706 489 06 229 1 UTTAR RAJGHAT উȪর রাজঘাট 0 0 0.00 0 0
6 20 22 49 83 710 SHAPLAPUR শাপলাʔর 0 0 17109.78 0 18970.3 1
7 20 22 49 83 710 192 150 11 1 DINESHPUR দীেনশʔর 0 0 215.09 0 138
8 20 22 49 83 710 192 150 01 040 1 DINESHPUR দীেনশʔর 0 0 0.00 0 0
7 20 22 49 83 710 641 488 12 1 MAHESHKHALI PAHAR মেহশখালী পাহাড় 0 0 11579.99 0 18331
8 20 22 49 83 710 641 488 01 130 1 MAHESHKHALI PAHAR মেহশখালী পাহাড় 0 0 0.00 0 0
7 20 22 49 83 710 674 487 31 1 MAHESHKHALI CHANNEL মেহশখালী চαােনল 0 0 12742.00 0 0
40 / 79

-- 41 of 81 --

কাǿ িবভাগ
έকাড
έজলা
έকাড
িসিট
έকাড
উপ/
থানা
έকাড
έপৗর
έকাড
ইউ/
ওয়াǿ
έকাড
(ʔরাতন)
ইউ/
ওয়াǿ
έকাড
(নȣন)
έমৗজা/
মহ̲া
έকাড
(ʔরাতন)
έমৗজা
έকাড
(নȣন)
έজ
এল
নং
Żাম
έকাড
(ʔরাতন)
Żাম/মহ̲া
/*পাড়া
έকাড
(নȣন)
আর
এম ও
έমাট
খɶ
খɶ
নং ˘িম (একের)
নদী
পথ
(একের)
বনাǝল (একের) ধরণ
1 2 3 4 5 6 7 8 9 10 11 12 13 14 15 16 17 18 19 20 21 22
ʚশাসিনক ইউিনেটর নােমর বানান
8 20 22 49 83 710 674 487 01 130 1 MAHESHKHALI CHANNEL মেহশখালী চαােনল 0 0 0.00 0 0
7 20 22 49 83 710 738 490 9 1 MUKBEKI ˥কেবকী 0 0 439.14 0 66.75
8 20 22 49 83 710 738 490 01 020 1 BUDARPARA ʸদারপাড়া 0 0 0.00 0 0
8 20 22 49 83 710 738 490 02 071 1 GHONAPARA έঘানাপাড়া 0 0 0.00 0 0
8 20 22 49 83 710 738 490 03 112 1 KHUISHYARPARA ŭইশαারপাড়া 0 0 0.00 0 0
7 20 22 49 83 710 770 527 10 1 NONACHHARI έনানাছিড় 0 0 491.79 0 100
8 20 22 49 83 710 770 527 03 020 1 BARAIYAPARA বারইয়াপাড়া 0 0 0.00 0 0	8 20 22 49 83 710 770 527 03 020 1 BARAIYAPARA বারইয়াপাড়া 0 0 0.00 0 0
8 20 22 49 83 710 770 527 04 111 1 KAYDABAD কায়দাবাদ 0 0 0.00 0 0
8 20 22 49 83 710 770 527 02 132 1 MURUNGGHONA ˥̓ংেঘানা 0 0 0.00 0 0
8 20 22 49 83 710 770 527 01 193 1 SADEKERKATA সােদেকরকাটা 0 0 0.00 0 0
7 20 22 49 83 710 898 711 8 1 SHAPLAPUR শাপলাʔর 0 0 1610.88 0 334.55
8 20 22 49 83 710 898 711 06 020 1 BARIACHHARI বািড়য়াছিড় 0 0 0.00 0 0
8 20 22 49 83 710 898 711 07 071 1 GHONAPARA έঘানাপাড়া 0 0 0.00 0 0
8 20 22 49 83 710 898 711 10 102 1 JAIDAGHONA জাইদােঘানা 0 0 0.00 0 0
8 20 22 49 83 710 898 711 02 103 1 JM GHAT έজএম ঘাট 0 0 0.00 0 0
8 20 22 49 83 710 898 711 12 134 1 MANIPURGRAM মিণʔরŻাম 0 0 0.00 0 0
8 20 22 49 83 710 898 711 09 135 1 MITHACHHARI িমঠাছিড় 0 0 0.00 0 0
8 20 22 49 83 710 898 711 03 136 1 MOULAVIKATA έমৗলভীকাটা 0 0 0.00 0 0
8 20 22 49 83 710 898 711 08 167 1 PASHCHIMPARA পি̽মপাড়া 0 0 0.00 0 0
8 20 22 49 83 710 898 711 01 198 1 SAITMARA সাইটমারা 0 0 0.00 0 0
8 20 22 49 83 710 898 711 11 199 1 SAKER MOHAMMAD KATA সােকর έমাহা̅দ কাটা 0 0 0.00 0 0
5 20 22 49 77 MAHESHKHALI POURASABHA মেহশখালী έপৗরসভা 1930.58 0 743.34 3
6 20 22 49 77 01 001 WARD NO. 01 ওয়াǿ নং ০১ 0 0 476.28 0 0 2
41 / 79

-- 42 of 81 --

কাǿ িবভাগ
έকাড
έজলা
έকাড
িসিট
έকাড
উপ/
থানা
έকাড
έপৗর
έকাড
ইউ/
ওয়াǿ
έকাড
(ʔরাতন)
ইউ/
ওয়াǿ
έকাড
(নȣন)
έমৗজা/
মহ̲া
έকাড
(ʔরাতন)
έমৗজা
έকাড
(নȣন)
έজ
এল
নং
Żাম
έকাড
(ʔরাতন)
Żাম/মহ̲া
/*পাড়া
έকাড
(নȣন)
আর
এম ও
έমাট
খɶ
খɶ
নং ˘িম (একের)
নদী
পথ
(একের)
বনাǝল (একের) ধরণ
1 2 3 4 5 6 7 8 9 10 11 12 13 14 15 16 17 18 19 20 21 22
ʚশাসিনক ইউিনেটর নােমর বানান
7 20 22 49 77 01 001 028 602 28 2 PUTIBILA (PART) ʔিটিবলা (অংশ) 3 1 476.28 0 0
8 20 22 49 77 01 001 028 602 114 2 KUISAMARPARA ŭইশামারপাড়া 0 0 0.00 0 0
8 20 22 49 77 01 001 028 602 125 2 LAMBA HAYDERPARA ল˿া হায়দারপাড়া 0 0 0.00 0 0
8 20 22 49 77 01 001 028 602 139 2 MUHURIR DEIL ˥Βরীর έডইল 0 0 0.00 0 0
6 20 22 49 77 02 002 WARD NO. 02 ওয়াǿ নং ০২ 0 0 0.00 0 0 2
7 20 22 49 77 02 002 028 602 28 2 PUTIBILA (PART) ʔিটিবলা (অংশ) 3 2 0.00 0 0
8 20 22 49 77 02 002 028 602 010 2 AIR MOHAMMADPARA এয়ার έমাহা̅দপাড়া 0 0 0.00 0 0	8 20 22 49 77 02 002 028 602 010 2 AIR MOHAMMADPARA এয়ার έমাহা̅দপাড়া 0 0 0.00 0 0
8 20 22 49 77 02 002 028 602 011 2 AMIR CHANDPARA আিমর চাʁপাড়া 0 0 0.00 0 0
8 20 22 49 77 02 002 028 602 113 2 KAYASTHAPARA কায়ͼপাড়া 0 0 0.00 0 0
8 20 22 49 77 02 002 028 602 137 2 MOBARAK ALI MATBARPARA έমাবারক আলী মাতবরপাড়া 0 0 0.00 0 0
8 20 22 49 77 02 002 028 602 171 2 PALPARA পালপাড়া 0 0 0.00 0 0
6 20 22 49 77 03 003 WARD NO. 03 ওয়াǿ নং ০৩ 0 0 0.00 0 0 2
7 20 22 49 77 03 003 028 602 28 2 PUTIBILA (PART) ʔিটিবলা (অংশ) 3 3 0.00 0 0
8 20 22 49 77 03 003 028 602 042 2 DASI MAJHIRPARA দাসী মািঝরপাড়া 0 0 0.00 0 0
8 20 22 49 77 03 003 028 602 136 2 MAKHLESUR RAHMAN PARA মখেলƥর রহমানপাড়া 0 0 0.00 0 0
8 20 22 49 77 03 003 028 602 138 2 MOSHARAF ALIPARA έমাশারফ আলীপাড়া 0 0 0.00 0 0
8 20 22 49 77 03 003 028 602 150 2 NATUN PALPARA নȣন পালপাড়া 0 0 0.00 0 0
6 20 22 49 77 04 004 WARD NO. 04 ওয়াǿ নং ০৪ 0 0 1494.30 0 743.34 2
7 20 22 49 77 04 004 029 261 29 2 GORAKGHATA (PART) έগারকঘাটা (অংশ) 6 1 780.94 0 208.24
8 20 22 49 77 04 004 029 261 021 2 BARA MAGPARA বড় মগপাড়া 0 0 0.00 0 0
8 20 22 49 77 04 004 029 261 044 2 DAKBANGLOPARA ডাকবাংেলাপাড়া 0 0 0.00 0 0
8 20 22 49 77 04 004 029 261 046 2 DAKKHIN MAGPARA দিţণ মগপাড়া 0 0 0.00 0 0
8 20 22 49 77 04 004 029 261 213 2 THANAPARA থানাপাড়া 0 0 0.00 0 0
42 / 79

-- 43 of 81 --

কাǿ িবভাগ
έকাড
έজলা
έকাড
িসিট
έকাড
উপ/
থানা
έকাড
έপৗর
έকাড
ইউ/
ওয়াǿ
έকাড
(ʔরাতন)
ইউ/
ওয়াǿ
έকাড
(নȣন)
έমৗজা/
মহ̲া
έকাড
(ʔরাতন)
έমৗজা
έকাড
(নȣন)
έজ
এল
নং
Żাম
έকাড
(ʔরাতন)
Żাম/মহ̲া
/*পাড়া
έকাড
(নȣন)
আর
এম ও
έমাট
খɶ
খɶ
নং ˘িম (একের)
নদী
পথ
(একের)
বনাǝল (একের) ধরণ
1 2 3 4 5 6 7 8 9 10 11 12 13 14 15 16 17 18 19 20 21 22
ʚশাসিনক ইউিনেটর নােমর বানান
8 20 22 49 77 04 004 029 261 224 2 UPAZILA PARISHAD AREA উপেজলা পিরষদ এলাকা 0 0 0.00 0 0
6 20 22 49 77 05 005 WARD NO. 05 ওয়াǿ নং ০৫ 0 0 0.00 0 0 2
7 20 22 49 77 05 005 029 261 29 2 GORAKGHATA (PART) έগারকঘাটা (অংশ) 6 2 0.00 0 0
8 20 22 49 77 05 005 029 261 022 2 BIJOYRAM SARDARPARA িবজয়রাম সɆারপাড়া 0 0 0.00 0 0
8 20 22 49 77 05 005 029 261 045 2 DAKKHIN GHONARPARA দিţণ έঘানারপাড়া 0 0 0.00 0 0
8 20 22 49 77 05 005 029 261 225 2 UTTAR GHONARPARA উȪর έঘানারপাড়া 0 0 0.00 0 0
6 20 22 49 77 06 006 WARD NO. 06 ওয়াǿ নং ০৬ 0 0 0.00 0 0 2	6 20 22 49 77 06 006 WARD NO. 06 ওয়াǿ নং ০৬ 0 0 0.00 0 0 2
7 20 22 49 77 06 006 029 261 29 2 GORAKGHATA (PART) έগারকঘাটা (অংশ) 6 3 0.00 0 0
8 20 22 49 77 06 006 029 261 020 2 BALARAMPARA বলরামপাড়া 0 0 0.00 0 0
8 20 22 49 77 06 006 029 261 078 2 GORAKGHATA HINDUPARA έগারকঘাটা িহʂপাড়া 0 0 0.00 0 0
6 20 22 49 77 07 007 WARD NO. 07 ওয়াǿ নং ০৭ 0 0 0.00 0 0 2
7 20 22 49 77 07 007 029 261 29 2 GORAKGHATA (PART) έগারকঘাটা (অংশ) 6 4 0.00 0 0
8 20 22 49 77 07 007 029 261 077 2 GORAKGHATA BAZAR AREA έগারকঘাটা বাজার এলাকা 0 0 0.00 0 0
8 20 22 49 77 07 007 029 261 110 2 JALADASPARA জলদাশপাড়া 0 0 0.00 0 0
8 20 22 49 77 07 007 029 261 141 2 MADHYA GORAKGHATA মধα έগারকঘাটা 0 0 0.00 0 0
6 20 22 49 77 08 008 WARD NO. 08 ওয়াǿ নং ০৮ 0 0 0.00 0 0 2
7 20 22 49 77 08 008 029 261 29 2 GORAKGHATA (PART) έগারকঘাটা (অংশ) 6 5 0.00 0 0
8 20 22 49 77 08 008 029 261 079 2 GORAKGHATA PASHCHIMPARA έগারকঘাটা পি̽মপাড়া 0 0 0.00 0 0
8 20 22 49 77 08 008 029 261 202 2 SIKDARPARA িসকদারপাড়া 0 0 0.00 0 0
6 20 22 49 77 09 009 WARD NO. 09 ওয়াǿ নং ০৯ 0 0 673.36 0 535.1 2
7 20 22 49 77 09 009 029 261 29 2 GORAKGHATA (PART) έগারকঘাটা (অংশ) 6 6 0.00 0 0
8 20 22 49 77 09 009 029 261 033 2 CHARPARA চরপাড়া 0 0 0.00 0 0
7 20 22 49 77 09 009 991 298 30 2 HAMIDARDIA হািমদরিদয়া 1 0 673.36 0 535.1
43 / 79

-- 44 of 81 --

কাǿ িবভাগ
έকাড
έজলা
έকাড
িসিট
έকাড
উপ/
থানা
έকাড
έপৗর
έকাড
ইউ/
ওয়াǿ
έকাড
(ʔরাতন)
ইউ/
ওয়াǿ
έকাড
(নȣন)
έমৗজা/
মহ̲া
έকাড
(ʔরাতন)
έমৗজা
έকাড
(নȣন)
έজ
এল
নং
Żাম
έকাড
(ʔরাতন)
Żাম/মহ̲া
/*পাড়া
έকাড
(নȣন)
আর
এম ও
έমাট
খɶ
খɶ
নং ˘িম (একের)
নদী
পথ
(একের)
বনাǝল (একের) ধরণ
1 2 3 4 5 6 7 8 9 10 11 12 13 14 15 16 17 18 19 20 21 22
ʚশাসিনক ইউিনেটর নােমর বানান
4 20 22 56 PEKUA έপŇয়া 34155.29 0 3472.68 1
6 20 22 56 11 142 BARABAKIA বারবািকয়া 0 0 3440.64 0 610.3 1
7 20 22 56 11 142 076 075 5 1 BARABAKIA (PART) বারবািকয়া (অংশ) 2 1 3440.64 0 610.33
8 20 22 56 11 142 076 075 11 010 1 ANNAR ALIPARA আʋর আলীপাড়া 0 0 0.00 0 0
8 20 22 56 11 142 076 075 09 021 1 BARIAKATA বািড়য়াকাটা 0 0 0.00 0 0
8 20 22 56 11 142 076 075 02 022 1 BAZARPARA বাজারপাড়া 0 0 0.00 0 0
8 20 22 56 11 142 076 075 01 023 1 BHARUAKHALI ভা̓য়াখালী 0 0 0.00 0 0	8 20 22 56 11 142 076 075 01 023 1 BHARUAKHALI ভা̓য়াখালী 0 0 0.00 0 0
8 20 22 56 11 142 076 075 04 024 1 BODHA MAJHIRGHONA έবাধা মািঝরেঘানা 0 0 0.00 0 0
8 20 22 56 11 142 076 075 15 035 1 CHAKMAR DURI চাকমার ǽরী 0 0 0.00 0 0
8 20 22 56 11 142 076 075 10 117 1 KADIMAKATHA কািদমাকাঠা 0 0 0.00 0 0
8 20 22 56 11 142 076 075 13 149 1 NATUNPARA নȣনপাড়া 0 0 0.00 0 0
8 20 22 56 11 142 076 075 06 150 1 NAYAKATA নয়াকাটা 0 0 0.00 0 0
8 20 22 56 11 142 076 075 05 151 1 NOAKHALIPARA έনায়াখালীপাড়া 0 0 0.00 0 0
8 20 22 56 11 142 076 075 03 172 1 PAHARIAPARA পাহািড়য়াপাড়া 0 0 0.00 0 0
8 20 22 56 11 142 076 075 14 173 1 PASHCHIM PAHARIAKHALI পি̽ম পাহািড়য়াখালী 0 0 0.00 0 0
8 20 22 56 11 142 076 075 07 175 1 PURBA JALIAKATA ʕʻ জািলয়াকাটা 0 0 0.00 0 0
8 20 22 56 11 142 076 075 12 197 1 RAHAT ALIPARA রাহাত আলীপাড়া 0 0 0.00 0 0
8 20 22 56 11 142 076 075 08 208 1 SABJIBANPARA সবিজবনপাড়া 0 0 0.00 0 0
6 20 22 56 55 775 UJANTIA উজানিটয়া 0 0 7039.57 0 249.06 1
7 20 22 56 55 775 474 410 11 1 KARIADIA কিড়য়ািদয়া 0 0 3437.42 0 196.79
8 20 22 56 55 775 474 410 07 020 1 BAZARPARA বাজারপাড়া 0 0 0.00 0 0
8 20 22 56 55 775 474 410 06 041 1 DAKKHIN SUTACHORA দিţণ ͦ তােচারা 0 0 0.00 0 0
8 20 22 56 55 775 474 410 02 062 1 FAKIRPARA ফিকরপাড়া 0 0 0.00 0 0
44 / 79

-- 45 of 81 --

কাǿ িবভাগ
έকাড
έজলা
έকাড
িসিট
έকাড
উপ/
থানা
έকাড
έপৗর
έকাড
ইউ/
ওয়াǿ
έকাড
(ʔরাতন)
ইউ/
ওয়াǿ
έকাড
(নȣন)
έমৗজা/
মহ̲া
έকাড
(ʔরাতন)
έমৗজা
έকাড
(নȣন)
έজ
এল
নং
Żাম
έকাড
(ʔরাতন)
Żাম/মহ̲া
/*পাড়া
έকাড
(নȣন)
আর
এম ও
έমাট
খɶ
খɶ
নং ˘িম (একের)
নদী
পথ
(একের)
বনাǝল (একের) ধরণ
1 2 3 4 5 6 7 8 9 10 11 12 13 14 15 16 17 18 19 20 21 22
ʚশাসিনক ইউিনেটর নােমর বানান
8 20 22 56 55 775 474 410 01 113 1 KARIADIA কিড়য়ািদয়া 0 0 0.00 0 0
8 20 22 56 55 775 474 410 08 134 1 MIAHPARA িমঞাপাড়া 0 0 0.00 0 0
8 20 22 56 55 775 474 410 09 135 1 MIANJIPARA িময়াঁিজপাড়া 0 0 0.00 0 0
8 20 22 56 55 775 474 410 05 166 1 PARASINGAPARA পαারািসƝাপাড়া 0 0 0.00 0 0
8 20 22 56 55 775 474 410 04 167 1 PASHCHIM UJANTIA পি̽ম উজানিটয়া 0 0 0.00 0 0
8 20 22 56 55 775 474 410 03 218 1 UJANTIA উজানিটয়া 0 0 0.00 0 0
7 20 22 56 55 775 994 788 10 1 UJANTIA উজানিটয়া 0 0 3602.15 0 52.27	7 20 22 56 55 775 994 788 10 1 UJANTIA উজানিটয়া 0 0 3602.15 0 52.27
8 20 22 56 55 775 994 788 04 070 1 GHODARPARA έগাদারপাড়া 0 0 0.00 0 0
8 20 22 56 55 775 994 788 03 141 1 NURIRPARA ɮরীরপাড়া 0 0 0.00 0 0
8 20 22 56 55 775 994 788 01 162 1 PEKUARCHAR έপŇয়ারচর 0 0 0.00 0 0
8 20 22 56 55 775 994 788 02 203 1 TENDARPARA έটɶারপাড়া 0 0 0.00 0 0
6 20 22 56 78 506 MAGNAMA মগনামা 0 0 5299.64 0 173.25 1
7 20 22 56 78 506 612 485 9 1 MAGNAMA মগনামা 0 0 5299.64 0 173.25
8 20 22 56 78 506 612 485 08 020 1 BAHADDARPARA বহɌারপাড়া 0 0 0.00 0 0
8 20 22 56 78 506 612 485 05 021 1 BAINYAGHONA বাইনαােঘানা 0 0 0.00 0 0
8 20 22 56 78 506 612 485 04 022 1 BAZARPARA বাজারপাড়া 0 0 0.00 0 0
8 20 22 56 78 506 612 485 22 023 1 BEDARBILPARA έবদারিবলপাড়া 0 0 0.00 0 0
8 20 22 56 78 506 612 485 03 034 1 CHERANGGHONA έচরাংেঘানা 0 0 0.00 0 0
8 20 22 56 78 506 612 485 06 045 1 DARIAKHALI দিরয়াখালী 0 0 0.00 0 0
8 20 22 56 78 506 612 485 15 076 1 GHAT MAJHIRPARA ঘাট মািঝরপাড়া 0 0 0.00 0 0
8 20 22 56 78 506 612 485 17 107 1 JALIAPARA জািলয়াপাড়া 0 0 0.00 0 0
8 20 22 56 78 506 612 485 26 118 1 KAKPARA কাকপাড়া 0 0 0.00 0 0
8 20 22 56 78 506 612 485 24 119 1 KALARPARA কালারপাড়া 0 0 0.00 0 0
45 / 79

-- 46 of 81 --

কাǿ িবভাগ
έকাড
έজলা
έকাড
িসিট
έকাড
উপ/
থানা
έকাড
έপৗর
έকাড
ইউ/
ওয়াǿ
έকাড
(ʔরাতন)
ইউ/
ওয়াǿ
έকাড
(নȣন)
έমৗজা/
মহ̲া
έকাড
(ʔরাতন)
έমৗজা
έকাড
(নȣন)
έজ
এল
নং
Żাম
έকাড
(ʔরাতন)
Żাম/মহ̲া
/*পাড়া
έকাড
(নȣন)
আর
এম ও
έমাট
খɶ
খɶ
নং ˘িম (একের)
নদী
পথ
(একের)
বনাǝল (একের) ধরণ
1 2 3 4 5 6 7 8 9 10 11 12 13 14 15 16 17 18 19 20 21 22
ʚশাসিনক ইউিনেটর নােমর বানান
8 20 22 56 78 506 612 485 11 120 1 KODAILYADIA έকাদাইলαািদয়া 0 0 0.00 0 0
8 20 22 56 78 506 612 485 09 141 1 MAGGHONA মগেঘানা 0 0 0.00 0 0
8 20 22 56 78 506 612 485 14 142 1 MAJHIRPARA মািঝরপাড়া 0 0 0.00 0 0
8 20 22 56 78 506 612 485 20 143 1 MARICHYADIA মিরচαািদয়া 0 0 0.00 0 0
8 20 22 56 78 506 612 485 07 144 1 MATKABHANGA মটকাভাƝা 0 0 0.00 0 0
8 20 22 56 78 506 612 485 10 145 1 MUHURIPARA ˥Βরীপাড়া 0 0 0.00 0 0
8 20 22 56 78 506 612 485 21 156 1 NAPITADIA নািপতািদয়া 0 0 0.00 0 0	8 20 22 56 78 506 612 485 21 156 1 NAPITADIA নািপতািদয়া 0 0 0.00 0 0
8 20 22 56 78 506 612 485 16 177 1 PASHCHIMKUL পি̽মŇল 0 0 0.00 0 0
8 20 22 56 78 506 612 485 02 178 1 PURAN BAHADDARPARA ʔরান বহɌারপাড়া 0 0 0.00 0 0
8 20 22 56 78 506 612 485 12 179 1 PURBAKUL RANGIKHALI ʕʻŇল রিƝখালী 0 0 0.00 0 0
8 20 22 56 78 506 612 485 13 200 1 RAITYARPARA রাইতαারপাড়া 0 0 0.00 0 0
8 20 22 56 78 506 612 485 19 211 1 SATGHARPARA সাতঘরপাড়া 0 0 0.00 0 0
8 20 22 56 78 506 612 485 01 212 1 SHARATGHONA শরৎেঘানা 0 0 0.00 0 0
8 20 22 56 78 506 612 485 23 213 1 SHURDHAKHALIPARA	̶	 রধাখালীপাড়া 0 0 0.00 0 0
8 20 22 56 78 506 612 485 18 214 1 SIKDARPARA িসকদারপাড়া 0 0 0.00 0 0
8 20 22 56 78 506 612 485 25 235 1 UTTAR NATUNGHONA উȪর নȣনেঘানা 0 0 0.00 0 0
6 20 22 56 83 606 PEKUA έপŇয়া 0 0 7101.47 0 129.25 1
7 20 22 56 83 606 658 486 7 1 MEHERNAMA έমেহরনামা 0 0 2668.07 0 0
8 20 22 56 83 606 658 486 08 010 1 ALOKDIA আেলাকিদয়া 0 0 0.00 0 0
8 20 22 56 83 606 658 486 07 011 1 ANDAKALI আʁাখালী 0 0 0.00 0 0
8 20 22 56 83 606 658 486 05 022 1 BALIRPARA বািলরপাড়া 0 0 0.00 0 0
8 20 22 56 83 606 658 486 03 023 1 BAZARPARA -1 বাজারপাড়া -১ 0 0 0.00 0 0
8 20 22 56 83 606 658 486 06 034 1 CHARIABHANGA চিড়য়াভাƝা 0 0 0.00 0 0
46 / 79

-- 47 of 81 --

কাǿ িবভাগ
έকাড
έজলা
έকাড
িসিট
έকাড
উপ/
থানা
έকাড
έপৗর
έকাড
ইউ/
ওয়াǿ
έকাড
(ʔরাতন)
ইউ/
ওয়াǿ
έকাড
(নȣন)
έমৗজা/
মহ̲া
έকাড
(ʔরাতন)
έমৗজা
έকাড
(নȣন)
έজ
এল
নং
Żাম
έকাড
(ʔরাতন)
Żাম/মহ̲া
/*পাড়া
έকাড
(নȣন)
আর
এম ও
έমাট
খɶ
খɶ
নং ˘িম (একের)
নদী
পথ
(একের)
বনাǝল (একের) ধরণ
1 2 3 4 5 6 7 8 9 10 11 12 13 14 15 16 17 18 19 20 21 22
ʚশাসিনক ইউিনেটর নােমর বানান
8 20 22 56 83 606 658 486 04 135 1 MORARPARA έমারারপাড়া 0 0 0.00 0 0
8 20 22 56 83 606 658 486 02 146 1 NANDIRPARA নিʁরপাড়া 0 0 0.00 0 0
8 20 22 56 83 606 658 486 09 167 1 PURBA MEHERNAMA ʕʻ έমেহরনামা 0 0 0.00 0 0
8 20 22 56 83 606 658 486 01 218 1 UTTAR MEHERNAMA উȪর έমেহরনামা 0 0 0.00 0 0
7 20 22 56 83 606 765 598 8 1 PEKUA έপŇয়া 0 0 4433.40 0 129.25
8 20 22 56 83 606 765 598 05 010 1 ANOWAR ALI MATBARPARA আেনায়ার আলী মাতবরপাড়া 0 0 0.00 0 0
8 20 22 56 83 606 765 598 04 021 1 BAKSU CHAKIDARPARA বকͦ চিকদারপাড়া 0 0 0.00 0 0	8 20 22 56 83 606 765 598 04 021 1 BAKSU CHAKIDARPARA বকͦ চিকদারপাড়া 0 0 0.00 0 0
8 20 22 56 83 606 765 598 10 022 1 BANGLAPARA বাংলাপাড়া 0 0 0.00 0 0
8 20 22 56 83 606 765 598 03 023 1 BATTALIPARA বটতিলপাড়া 0 0 0.00 0 0
8 20 22 56 83 606 765 598 07 024 1 BHOLAIYAGHONA έভালাইয়ােঘানা 0 0 0.00 0 0
8 20 22 56 83 606 765 598 02 035 1 CHIRADIAPARA িচরািদয়াপাড়া 0 0 0.00 0 0
8 20 22 56 83 606 765 598 14 086 1 HARINAPARA হিরনাপাড়া 0 0 0.00 0 0
8 20 22 56 83 606 765 598 09 107 1 JALIAKHALI জািলয়াখালী 0 0 0.00 0 0
8 20 22 56 83 606 765 598 16 138 1 MAIYADIA মাইয়ািদয়া 0 0 0.00 0 0
8 20 22 56 83 606 765 598 06 139 1 MATBARPARA মাতবরপাড়া 0 0 0.00 0 0
8 20 22 56 83 606 765 598 11 140 1 MIAHPARA িমঞাপাড়া 0 0 0.00 0 0
8 20 22 56 83 606 765 598 12 171 1 PASHCHIM BAMAKHALI পি̽ম বামাখালী 0 0 0.00 0 0
8 20 22 56 83 606 765 598 08 172 1 PURBA BAMAKHALI ʕʻ বামাখালী 0 0 0.00 0 0
8 20 22 56 83 606 765 598 01 173 1 PURBA GOAKHALI ʕʻ έগায়াখালী 0 0 0.00 0 0
8 20 22 56 83 606 765 598 19 204 1 SABEK GULDI সােবক Ŷলিড 0 0 0.00 0 0
8 20 22 56 83 606 765 598 18 205 1 SARKARIGHONA সরকারীেঘানা 0 0 0.00 0 0
8 20 22 56 83 606 765 598 17 206 1 SHEIKHERKHILGHONA έশেখরিখল έঘানা 0 0 0.00 0 0
8 20 22 56 83 606 765 598 13 207 1 SIKDARPARA িসকদারপাড়া 0 0 0.00 0 0
47 / 79

-- 48 of 81 --

কাǿ িবভাগ
έকাড
έজলা
έকাড
িসিট
έকাড
উপ/
থানা
έকাড
έপৗর
έকাড
ইউ/
ওয়াǿ
έকাড
(ʔরাতন)
ইউ/
ওয়াǿ
έকাড
(নȣন)
έমৗজা/
মহ̲া
έকাড
(ʔরাতন)
έমৗজা
έকাড
(নȣন)
έজ
এল
নং
Żাম
έকাড
(ʔরাতন)
Żাম/মহ̲া
/*পাড়া
έকাড
(নȣন)
আর
এম ও
έমাট
খɶ
খɶ
নং ˘িম (একের)
নদী
পথ
(একের)
বনাǝল (একের) ধরণ
1 2 3 4 5 6 7 8 9 10 11 12 13 14 15 16 17 18 19 20 21 22
ʚশাসিনক ইউিনেটর নােমর বানান
8 20 22 56 83 606 765 598 15 218 1 TEKPARA έটকপাড়া 0 0 0.00 0 0
6 20 22 56 89 673 RAJAKHALI রাজাখালী 0 0 4405.80 0 53.89 1
7 20 22 56 89 673 826 673 4 1 RAJAKHALI রাজাখালী 0 0 4405.80 0 53.89
8 20 22 56 89 673 826 673 13 010 1 AMINAPARA আিমনাপাড়া 0 0 0.00 0 0
8 20 22 56 89 673 826 673 18 021 1 BADIUDDINPARA বিদউিɌনপাড়া 0 0 0.00 0 0
8 20 22 56 89 673 826 673 20 022 1 BAKSHIAGHONA বকিশয়ােঘানা 0 0 0.00 0 0
8 20 22 56 89 673 826 673 11 023 1 BAMULAPARA বা˥লাপাড়া 0 0 0.00 0 0	8 20 22 56 89 673 826 673 11 023 1 BAMULAPARA বা˥লাপাড়া 0 0 0.00 0 0
8 20 22 56 89 673 826 673 16 044 1 DASHERGHONA দেশরেঘানা 0 0 0.00 0 0
8 20 22 56 89 673 826 673 05 045 1 DILJANPARA িদলজানপাড়া 0 0 0.00 0 0
8 20 22 56 89 673 826 673 02 086 1 HAJIRPARA হাজীরপাড়া 0 0 0.00 0 0
8 20 22 56 89 673 826 673 15 117 1 KANCHANPARA কাǝনপাড়া 0 0 0.00 0 0
8 20 22 56 89 673 826 673 09 128 1 LALJANPARA লালজানপাড়া 0 0 0.00 0 0
8 20 22 56 89 673 826 673 04 139 1 MAJHIRPARA মািঝরপাড়া 0 0 0.00 0 0
8 20 22 56 89 673 826 673 03 140 1 MATBARPARA মাতবরপাড়া 0 0 0.00 0 0
8 20 22 56 89 673 826 673 01 141 1 MIAPARA িময়াপাড়া 0 0 0.00 0 0
8 20 22 56 89 673 826 673 14 142 1 MOULAVIPARA έমৗলভীপাড়া 0 0 0.00 0 0
8 20 22 56 89 673 826 673 17 153 1 NAYAPARA নয়াপাড়া 0 0 0.00 0 0
8 20 22 56 89 673 826 673 12 174 1 PALAKATHA পালাকাঠা 0 0 0.00 0 0
8 20 22 56 89 673 826 673 10 195 1 RABBAT ALIPARA রˊত আলীপাড়া 0 0 0.00 0 0
8 20 22 56 89 673 826 673 08 196 1 RAY BAPERPARA রায় বােপরপাড়া 0 0 0.00 0 0
8 20 22 56 89 673 826 673 07 207 1 SIKDARPARA িসকদারপাড়া 0 0 0.00 0 0
8 20 22 56 89 673 826 673 06 208 1 SUNDARIPARA	ͦ	 ʁরীপাড়া 0 0 0.00 0 0
8 20 22 56 89 673 826 673 19 219 1 TEKGHONA έটকেঘানা 0 0 0.00 0 0
48 / 79

-- 49 of 81 --

কাǿ িবভাগ
έকাড
έজলা
έকাড
িসিট
έকাড
উপ/
থানা
έকাড
έপৗর
έকাড
ইউ/
ওয়াǿ
έকাড
(ʔরাতন)
ইউ/
ওয়াǿ
έকাড
(নȣন)
έমৗজা/
মহ̲া
έকাড
(ʔরাতন)
έমৗজা
έকাড
(নȣন)
έজ
এল
নং
Żাম
έকাড
(ʔরাতন)
Żাম/মহ̲া
/*পাড়া
έকাড
(নȣন)
আর
এম ও
έমাট
খɶ
খɶ
নং ˘িম (একের)
নদী
পথ
(একের)
বনাǝল (একের) ধরণ
1 2 3 4 5 6 7 8 9 10 11 12 13 14 15 16 17 18 19 20 21 22
ʚশাসিনক ইউিনেটর নােমর বানান
6 20 22 56 93 707 SHILKHALI িশলখালী 0 0 1935.02 0 767.08 1
7 20 22 56 93 707 076 075 5 1 BARABAKIA (PART) বারবািকয়া (অংশ) 2 2 0.00 0 0
8 20 22 56 93 707 076 075 01 116 1 KACHARIMURA কাচারী˥ড়া 0 0 0.00 0 0
8 20 22 56 93 707 076 075 07 138 1 MAJHERGHONA মােঝরেঘানা 0 0 0.00 0 0
8 20 22 56 93 707 076 075 02 174 1 PURBA BHARUKHALI ʕʻ ভা̓য়াখািল 0 0 0.00 0 0
8 20 22 56 93 707 076 075 03 176 1 PURBA KACHARIPARA ʕʻ কাচারীপাড়া 0 0 0.00 0 0
8 20 22 56 93 707 076 075 06 209 1 SABUJPARA সʸজপাড়া 0 0 0.00 0 0	8 20 22 56 93 707 076 075 06 209 1 SABUJPARA সʸজপাড়া 0 0 0.00 0 0
8 20 22 56 93 707 076 075 04 210 1 SIKDARGHONA িসকদারেঘানা 0 0 0.00 0 0
8 20 22 56 93 707 076 075 05 211 1 SYEDNAGAR ήসয়দনগর 0 0 0.00 0 0
7 20 22 56 93 707 918 711 6 1 SHILKALI িশলখালী 0 0 1935.02 0 767.08
8 20 22 56 93 707 918 711 04 080 1 HADAYETABAD έহদায়তাবাদ 0 0 0.00 0 0
8 20 22 56 93 707 918 711 01 081 1 HAJIRGHONA হাজীরেঘানা 0 0 0.00 0 0
8 20 22 56 93 707 918 711 02 132 1 MUNSIMURA ˥ʒী˥ড়া 0 0 0.00 0 0
8 20 22 56 93 707 918 711 03 163 1 PETHAN MATAHBBARPARA έপঠান মাতˊরপাড়া 0 0 0.00 0 0
8 20 22 56 93 707 918 711 05 194 1 SEGUNBAGICHA έসŶনবািগচা 0 0 0.00 0 0
6 20 22 56 96 741 TAITANG ήটটং 0 0 4933.15 0 1489.82 1
7 20 22 56 96 741 122 076 1 1 BATTALI বটতলী 0 0 573.52 0 241.95
8 20 22 56 96 741 122 076 05 020 1 BATTALI SCHOOLPARA বটতলী ͮ লপাড়া 0 0 0.00 0 0
8 20 22 56 96 741 122 076 03 071 1 GUDIKATA Ŷিদকাটা 0 0 0.00 0 0
8 20 22 56 96 741 122 076 02 102 1 JUMPARA ǁমপাড়া 0 0 0.00 0 0
8 20 22 56 96 741 122 076 04 113 1 KHALIFARMURA খিলফার˥ড়া 0 0 0.00 0 0
8 20 22 56 96 741 122 076 06 134 1 MADRASAPARA মাɉাসাপাড়া 0 0 0.00 0 0
8 20 22 56 96 741 122 076 01 135 1 MALGARA মালগারা 0 0 0.00 0 0
49 / 79

-- 50 of 81 --

কাǿ িবভাগ
έকাড
έজলা
έকাড
িসিট
έকাড
উপ/
থানা
έকাড
έপৗর
έকাড
ইউ/
ওয়াǿ
έকাড
(ʔরাতন)
ইউ/
ওয়াǿ
έকাড
(নȣন)
έমৗজা/
মহ̲া
έকাড
(ʔরাতন)
έমৗজা
έকাড
(নȣন)
έজ
এল
নং
Żাম
έকাড
(ʔরাতন)
Żাম/মহ̲া
/*পাড়া
έকাড
(নȣন)
আর
এম ও
έমাট
খɶ
খɶ
নং ˘িম (একের)
নদী
পথ
(একের)
বনাǝল (একের) ধরণ
1 2 3 4 5 6 7 8 9 10 11 12 13 14 15 16 17 18 19 20 21 22
ʚশাসিনক ইউিনেটর নােমর বানান
7 20 22 56 96 741 933 712 3 1 SONAICHHARI έসানাইছিড় 0 0 2347.32 0 1049.76
8 20 22 56 96 741 933 712 02 040 1 DHANIAKATA ধিনয়াকাটা 0 0 0.00 0 0
8 20 22 56 96 741 933 712 01 081 1 HIRABANIA হীরাবিনয়া 0 0 0.00 0 0
8 20 22 56 96 741 933 712 04 192 1 SONAICHHARI MAJHERPARA έসানাইছিড় মােঝরপাড়া 0 0 0.00 0 0
8 20 22 56 96 741 933 712 03 193 1 SUNAICHHARI MOULAVIPARA έসানাইছিড় έমৗলভীপাড়া 0 0 0.00 0 0
7 20 22 56 96 741 964 750 2 1 TETANG έটটং 0 0 2012.31 0 198.11
8 20 22 56 96 741 964 750 02 020 1 BADUMIA HAJIRPARA বɃিময়া হাজীরপাড়া 0 0 0.00 0 0	8 20 22 56 96 741 964 750 02 020 1 BADUMIA HAJIRPARA বɃিময়া হাজীরপাড়া 0 0 0.00 0 0
8 20 22 56 96 741 964 750 04 021 1 BARAPARA বড়পাড়া 0 0 0.00 0 0
8 20 22 56 96 741 964 750 06 032 1 CHOWKIDARPARA έচৗিকদারপাড়া 0 0 0.00 0 0
8 20 22 56 96 741 964 750 05 133 1 MOULAVI HASANJUM έমৗলভী হাসানǁম 0 0 0.00 0 0
8 20 22 56 96 741 964 750 03 164 1 PANDITPARA পিȘতপাড়া 0 0 0.00 0 0
8 20 22 56 96 741 964 750 01 195 1 SIKDARPARA িসকদারপাড়া 0 0 0.00 0 0
4 20 22 66 RAMU রা˥ 95732.54 0 0 1
6 20 22 66 13 175 CHAKMARKUL চাকমারŇল 0 0 1815.77 0 6 1
7 20 22 66 13 175 051 110 18 1 CHAKMARKUL চাকমারŇল 0 0 1815.77 0 6
8 20 22 66 13 175 051 110 14 010 1 ALI HOSEN SIKDARPARA আলী έহােছন িসকদারপাড়া 0 0 0.00 0 0
8 20 22 66 13 175 051 110 04 021 1 BARUAPARA বΞয়াপাড়া 0 0 0.00 0 0
8 20 22 66 13 175 051 110 01 032 1 CHAKMARKUL চাকমারŇল 0 0 0.00 0 0
8 20 22 66 13 175 051 110 13 043 1 DEINGAPARA έডইƝাপাড়া 0 0 0.00 0 0
8 20 22 66 13 175 051 110 03 064 1 FARIKUL ফািরŇল 0 0 0.00 0 0
8 20 22 66 13 175 051 110 07 105 1 JARAILTALI জারাইলতলী 0 0 0.00 0 0
8 20 22 66 13 175 051 110 10 116 1 KHONDAKARPARA έখাʁকারপাড়া 0 0 0.00 0 0
8 20 22 66 13 175 051 110 16 137 1 MATBARPARA মাতবরপাড়া 0 0 0.00 0 0
50 / 79

-- 51 of 81 --

কাǿ িবভাগ
έকাড
έজলা
έকাড
িসিট
έকাড
উপ/
থানা
έকাড
έপৗর
έকাড
ইউ/
ওয়াǿ
έকাড
(ʔরাতন)
ইউ/
ওয়াǿ
έকাড
(নȣন)
έমৗজা/
মহ̲া
έকাড
(ʔরাতন)
έমৗজা
έকাড
(নȣন)
έজ
এল
নং
Żাম
έকাড
(ʔরাতন)
Żাম/মহ̲া
/*পাড়া
έকাড
(নȣন)
আর
এম ও
έমাট
খɶ
খɶ
নং ˘িম (একের)
নদী
পথ
(একের)
বনাǝল (একের) ধরণ
1 2 3 4 5 6 7 8 9 10 11 12 13 14 15 16 17 18 19 20 21 22
ʚশাসিনক ইউিনেটর নােমর বানান
8 20 22 66 13 175 051 110 15 138 1 MIAJIPARA িময়াজীপাড়া 0 0 0.00 0 0
8 20 22 66 13 175 051 110 12 139 1 MOAJJIMER DWIP έমায়ািǈেমর ɖীপ 0 0 0.00 0 0
8 20 22 66 13 175 051 110 09 140 1 MOHAMMADPURA έমাহা̅দʔরা 0 0 0.00 0 0
8 20 22 66 13 175 051 110 11 151 1 NAYA CHARPARA নয়া চরপাড়া 0 0 0.00 0 0
8 20 22 66 13 175 051 110 08 172 1 PASHCHIM CHAKMARKUL পি̽ম চাকমারŇল 0 0 0.00 0 0
8 20 22 66 13 175 051 110 06 203 1 SHAHMADERPARA শাহমেদরপাড়া 0 0 0.00 0 0
8 20 22 66 13 175 051 110 05 204 1 SREEMURA	̺	 ী˥ড়া 0 0 0.00 0 0	8 20 22 66 13 175 051 110 05 204 1 SREEMURA	̺	 ী˥ড়া 0 0 0.00 0 0
8 20 22 66 13 175 051 110 02 215 1 TECHCHHIPUL έতিƮʔল 0 0 0.00 0 0
6 20 22 66 15 277 FATEKHARKUL ফেতখাঁরŇল 0 0 2438.23 0 0 1
7 20 22 66 15 277 229 227 22 3 FATEKHARKUL ফেতখাঁরŇল 0 0 1280.99 0 0
8 20 22 66 15 277 229 227 14 020 3 BARUAPARA বΞয়াপাড়া 0 0 0.00 0 0
8 20 22 66 15 277 229 227 11 031 3 CHARPARA চরপাড়া 0 0 0.00 0 0
8 20 22 66 15 277 229 227 01 042 3 DAKKHIN DWIP দিţণ ɖীপ 0 0 0.00 0 0
8 20 22 66 15 277 229 227 05 083 3 HAJARIKUL SIPAHIRPARA হাজারীŇল িসপাহীরপাড়া 0 0 0.00 0 0
8 20 22 66 15 277 229 227 09 114 3 KHONDAKARPARA έখাʁকারপাড়া 0 0 0.00 0 0
8 20 22 66 15 277 229 227 04 125 3 LAMBARIPARA ল˿রীপাড়া 0 0 0.00 0 0
8 20 22 66 15 277 229 227 06 136 3 MANDALPARA মȘলপাড়া 0 0 0.00 0 0
8 20 22 66 15 277 229 227 12 147 3 NATHPARA নাথপাড়া 0 0 0.00 0 0
8 20 22 66 15 277 229 227 03 158 3 OFFICER CHAR অিফেসর চর 0 0 0.00 0 0
8 20 22 66 15 277 229 227 02 169 3 PURBA DWIP ʕʻ ɖীপ 0 0 0.00 0 0
8 20 22 66 15 277 229 227 13 190 3 RAMPARA রামপাড়া 0 0 0.00 0 0
8 20 22 66 15 277 229 227 08 201 3 SIKDERPARA িসকদারপাড়া 0 0 0.00 0 0
8 20 22 66 15 277 229 227 10 212 3 TECHCHHIPUL έতিƮʔল 0 0 0.00 0 0
51 / 79

-- 52 of 81 --

কাǿ িবভাগ
έকাড
έজলা
έকাড
িসিট
έকাড
উপ/
থানা
έকাড
έপৗর
έকাড
ইউ/
ওয়াǿ
έকাড
(ʔরাতন)
ইউ/
ওয়াǿ
έকাড
(নȣন)
έমৗজা/
মহ̲া
έকাড
(ʔরাতন)
έমৗজা
έকাড
(নȣন)
έজ
এল
নং
Żাম
έকাড
(ʔরাতন)
Żাম/মহ̲া
/*পাড়া
έকাড
(নȣন)
আর
এম ও
έমাট
খɶ
খɶ
নং ˘িম (একের)
নদী
পথ
(একের)
বনাǝল (একের) ধরণ
1 2 3 4 5 6 7 8 9 10 11 12 13 14 15 16 17 18 19 20 21 22
ʚশাসিনক ইউিনেটর নােমর বানান
8 20 22 66 15 277 229 227 07 223 3 UTTAR FATEKHARKUL উȪর ফেতখাঁরŇল 0 0 0.00 0 0
7 20 22 66 15 277 306 302 20 1 HAITUPI হাইǨিপ 0 0 311.99 0 0
8 20 22 66 15 277 306 302 04 020 1 BHUTPARA ˘তপাড়া 0 0 0.00 0 0
8 20 22 66 15 277 306 302 03 071 1 GACHHUAPARA গাƸয়াপাড়া 0 0 0.00 0 0
8 20 22 66 15 277 306 302 01 082 1 HAITUPI হাইǨিপ 0 0 0.00 0 0
8 20 22 66 15 277 306 302 02 113 1 KHENCURGHONA έখনƥরেঘানা 0 0 0.00 0 0
8 20 22 66 15 277 306 302 05 214 1 UTTAR HAITUPI উȪর হাইǨিপ 0 0 0.00 0 0	8 20 22 66 15 277 306 302 05 214 1 UTTAR HAITUPI উȪর হাইǨিপ 0 0 0.00 0 0
7 20 22 66 15 277 714 496 21 3 MERANGLOA έমরংেলায়া 0 0 731.72 0 0
8 20 22 66 15 277 714 496 04 010 3 AMTALIAPARA আমতিলয়াপাড়া 0 0 0.00 0 0
8 20 22 66 15 277 714 496 02 131 3 MADHYA MERANGLOA মধα έমরংেলায়া 0 0 0.00 0 0
8 20 22 66 15 277 714 496 03 162 3 PASHCHIM MERANGLOA পি̽ম έমরংেলায়া 0 0 0.00 0 0
8 20 22 66 15 277 714 496 01 163 3 PURBA MERANGLOA ʕʻ έমরংেলায়া 0 0 0.00 0 0
8 20 22 66 15 277 714 496 05 194 3 SHRIDHANPARA	̺	 ীধনপাড়া 0 0 0.00 0 0
7 20 22 66 15 277 892 719 23 3 SREEKUL	̺	 ীŇল 0 0 113.53 0 0
8 20 22 66 15 277 892 719 03 040 3 DAKKHIN SREEKUL দিţণ ̺ ীŇল 0 0 0.00 0 0
8 20 22 66 15 277 892 719 01 191 3 SREEKUL	̺	 ীŇল 0 0 0.00 0 0
8 20 22 66 15 277 892 719 02 212 3 UTTAR SREEKUL উȪর ̺ ীŇল 0 0 0.00 0 0
6 20 22 66 19 311 GARJANIA গǄিনয়া 0 0 15908.27 0 11668.59 1
7 20 22 66 19 311 255 264 3 1 GARJANIA গǄিনয়া 0 0 6445.59 0 2250.01
8 20 22 66 19 311 255 264 01 020 1 BARABIL বড়িবল 0 0 0.00 0 0
8 20 22 66 19 311 255 264 07 021 1 BOMANGKHIL έবামাংিখল 0 0 0.00 0 0
8 20 22 66 19 311 255 264 05 102 1 JAUSPARA জাউসপাড়া 0 0 0.00 0 0
8 20 22 66 19 311 255 264 04 103 1 JUMCHHARI ǁমছিড় 0 0 0.00 0 0
52 / 79

-- 53 of 81 --

কাǿ িবভাগ
έকাড
έজলা
έকাড
িসিট
έকাড
উপ/
থানা
έকাড
έপৗর
έকাড
ইউ/
ওয়াǿ
έকাড
(ʔরাতন)
ইউ/
ওয়াǿ
έকাড
(নȣন)
έমৗজা/
মহ̲া
έকাড
(ʔরাতন)
έমৗজা
έকাড
(নȣন)
έজ
এল
নং
Żাম
έকাড
(ʔরাতন)
Żাম/মহ̲া
/*পাড়া
έকাড
(নȣন)
আর
এম ও
έমাট
খɶ
খɶ
নং ˘িম (একের)
নদী
পথ
(একের)
বনাǝল (একের) ধরণ
1 2 3 4 5 6 7 8 9 10 11 12 13 14 15 16 17 18 19 20 21 22
ʚশাসিনক ইউিনেটর নােমর বানান
8 20 22 66 19 311 255 264 08 114 1 KYAJARBIL কαাজরিবল 0 0 0.00 0 0
8 20 22 66 19 311 255 264 06 135 1 MAJHIRKATA মািঝরকাটা 0 0 0.00 0 0
8 20 22 66 19 311 255 264 03 206 1 THIMCHHARI িথমছিড় 0 0 0.00 0 0
8 20 22 66 19 311 255 264 02 207 1 THOANGARKATA έথায়াƝারকাটা 0 0 0.00 0 0
7 20 22 66 19 311 459 378 10 1 JANGAL GARJANIA জƝল গǄিনয়া 0 0 8641.59 0 8638.11
8 20 22 66 19 311 459 378 01 160 1 PASHCHIM BARABIL পি̽ম বড়িবল 0 0 0.00 0 0
8 20 22 66 19 311 459 378 02 161 1 PASHCHIM JUMCHHARI পি̽ম ǁমছিড় 0 0 0.00 0 0	8 20 22 66 19 311 459 378 02 161 1 PASHCHIM JUMCHHARI পি̽ম ǁমছিড় 0 0 0.00 0 0
8 20 22 66 19 311 459 378 03 212 1 UTTAR KYAJARBIL উȪর কαাজরিবল 0 0 0.00 0 0
7 20 22 66 19 311 790 607 11 1 PASHCHIM GARJANIA পি̽ম গǄিনয়া 0 0 821.09 0 780.48
8 20 22 66 19 311 790 607 02 030 1 CHOWDHURY KHAMAR έচৗɡরী খামার 0 0 0.00 0 0
8 20 22 66 19 311 790 607 12 061 1 FAKIRPARA ফিকরপাড়া 0 0 0.00 0 0
8 20 22 66 19 311 790 607 09 072 1 GAYALMARA গয়ালমারা 0 0 0.00 0 0
8 20 22 66 19 311 790 607 06 073 1 GHONARPARA έঘানারপাড়া 0 0 0.00 0 0
8 20 22 66 19 311 790 607 04 124 1 LOHARJHIRIPARA έলাহারিঝিরপাড়া 0 0 0.00 0 0
8 20 22 66 19 311 790 607 11 135 1 MIAJIRPARA িময়ািজরপাড়া 0 0 0.00 0 0
8 20 22 66 19 311 790 607 05 146 1 NAJU MATBARPARA নǁ মাতবরপাড়া 0 0 0.00 0 0
8 20 22 66 19 311 790 607 01 167 1 PASHCHIM GARJANIA পি̽ম গǄিনয়া 0 0 0.00 0 0
8 20 22 66 19 311 790 607 10 188 1 RAJGHAT রাজঘাট 0 0 0.00 0 0
8 20 22 66 19 311 790 607 08 199 1 SHAH MOHAMMADPARA শাহ έমাহা̅দপাড়া 0 0 0.00 0 0
8 20 22 66 19 311 790 607 07 200 1 SHIAPARA িশয়াপাড়া 0 0 0.00 0 0
8 20 22 66 19 311 790 607 03 211 1 TEIKYA HAJIRPARA έটইকαা হাজীরপাড়া 0 0 0.00 0 0
6 20 22 66 28 243 EIDGAR ঈদগড় 0 0 12864.80 0 2.01 1
7 20 22 66 28 243 331 190 2 1 EIDGAR ঈদগড় 0 0 7097.00 0 4253.21
53 / 79

-- 54 of 81 --

কাǿ িবভাগ
έকাড
έজলা
έকাড
িসিট
έকাড
উপ/
থানা
έকাড
έপৗর
έকাড
ইউ/
ওয়াǿ
έকাড
(ʔরাতন)
ইউ/
ওয়াǿ
έকাড
(নȣন)
έমৗজা/
মহ̲া
έকাড
(ʔরাতন)
έমৗজা
έকাড
(নȣন)
έজ
এল
নং
Żাম
έকাড
(ʔরাতন)
Żাম/মহ̲া
/*পাড়া
έকাড
(নȣন)
আর
এম ও
έমাট
খɶ
খɶ
নং ˘িম (একের)
নদী
পথ
(একের)
বনাǝল (একের) ধরণ
1 2 3 4 5 6 7 8 9 10 11 12 13 14 15 16 17 18 19 20 21 22
ʚশাসিনক ইউিনেটর নােমর বানান
8 20 22 66 28 243 331 190 04 020 1 BARABIL বড়িবল 0 0 0.00 0 0
8 20 22 66 28 243 331 190 03 051 1 EIDGAR ঈদগড় 0 0 0.00 0 0
8 20 22 66 28 243 331 190 02 082 1 HASNAKATA হাসনাকাটা 0 0 0.00 0 0
8 20 22 66 28 243 331 190 05 113 1 KODALIAKATA έকাদািলয়াকাটা 0 0 0.00 0 0
8 20 22 66 28 243 331 190 06 164 1 PANISYAGHONA পািনসαােঘানা 0 0 0.00 0 0
8 20 22 66 28 243 331 190 01 195 1 SIKDARPARA িসকদারপাড়া 0 0 0.00 0 0
7 20 22 66 28 243 510 377 1 1 JANGAL EIDGAR জƝল ঈদগড় 0 0 5767.80 0 5767.8	7 20 22 66 28 243 510 377 1 1 JANGAL EIDGAR জƝল ঈদগড় 0 0 5767.80 0 5767.8
8 20 22 66 28 243 510 377 16 020 1 BAIYDYAPARA ήবদαপাড়া 0 0 0.00 0 0
8 20 22 66 28 243 510 377 13 021 1 BOUGHAT বউঘাটা 0 0 0.00 0 0
8 20 22 66 28 243 510 377 17 032 1 CAMPERCHAR কαাে˲রচর 0 0 0.00 0 0
8 20 22 66 28 243 510 377 09 033 1 CHARPARA চরপাড়া 0 0 0.00 0 0
8 20 22 66 28 243 510 377 14 034 1 CHENGCHHARI έচঙছিড় 0 0 0.00 0 0
8 20 22 66 28 243 510 377 02 045 1 DHUMCHHAKATA ɡমছাকাটা 0 0 0.00 0 0
8 20 22 66 28 243 510 377 05 076 1 GHILATALI িঘলাতলী 0 0 0.00 0 0
8 20 22 66 28 243 510 377 08 077 1 GHUINYAPARA ƌইনαাপাড়া 0 0 0.00 0 0
8 20 22 66 28 243 510 377 01 108 1 JANGAL EIDGAR জƝল ঈদগড় 0 0 0.00 0 0
8 20 22 66 28 243 510 377 15 119 1 KARALIAMURA করিলয়া˥রা 0 0 0.00 0 0
8 20 22 66 28 243 510 377 07 120 1 KHONDAKARPARA έখাʁকারপাড়া 0 0 0.00 0 0
8 20 22 66 28 243 510 377 03 121 1 KONARPARA έকানারপাড়া 0 0 0.00 0 0
8 20 22 66 28 243 510 377 18 122 1 KUDDUSMIAR JUM Ňɍছিময়ার ǁম 0 0 0.00 0 0
8 20 22 66 28 243 510 377 06 143 1 MAIJPARA মাইজপাড়া 0 0 0.00 0 0
8 20 22 66 28 243 510 377 12 154 1 NATUNPARA নȣনপাড়া 0 0 0.00 0 0
8 20 22 66 28 243 510 377 04 155 1 NAYAPARA নয়াপাড়া 0 0 0.00 0 0
54 / 79

-- 55 of 81 --

কাǿ িবভাগ
έকাড
έজলা
έকাড
িসিট
έকাড
উপ/
থানা
έকাড
έপৗর
έকাড
ইউ/
ওয়াǿ
έকাড
(ʔরাতন)
ইউ/
ওয়াǿ
έকাড
(নȣন)
έমৗজা/
মহ̲া
έকাড
(ʔরাতন)
έমৗজা
έকাড
(নȣন)
έজ
এল
নং
Żাম
έকাড
(ʔরাতন)
Żাম/মহ̲া
/*পাড়া
έকাড
(নȣন)
আর
এম ও
έমাট
খɶ
খɶ
নং ˘িম (একের)
নদী
পথ
(একের)
বনাǝল (একের) ধরণ
1 2 3 4 5 6 7 8 9 10 11 12 13 14 15 16 17 18 19 20 21 22
ʚশাসিনক ইউিনেটর নােমর বানান
8 20 22 66 28 243 510 377 10 196 1 RAJGHAT রাজঘাটা 0 0 0.00 0 0
8 20 22 66 28 243 510 377 11 207 1 SHARIFPARA শরীফপাড়া 0 0 0.00 0 0
6 20 22 66 38 411 JOARIANALA έজায়ািরয়ানালা 0 0 6875.42 0 3268.66 1
7 20 22 66 38 411 357 381 12 1 JOARIANALA έজায়ািরয়ানালা 0 0 3317.21 0 1780.17
8 20 22 66 38 411 357 381 01 100 3 JOARIANALA έজায়ািরয়ানালা 0 0 0.00 0 0
7 20 22 66 38 411 739 533 115 1 NANDAKHALI নʁাখালী 0 0 975.18 0 299.6
8 20 22 66 38 411 739 533 01 140 1 NANDAKHALI নʁাখালী 0 0 0.00 0 0	8 20 22 66 38 411 739 533 01 140 1 NANDAKHALI নʁাখালী 0 0 0.00 0 0
7 20 22 66 38 411 765 534 17 1 NONACHHARI έনানাছিড় 0 0 1460.57 0 816.97
8 20 22 66 38 411 765 534 01 140 1 NONACHHARI έনানাছিড় 0 0 0.00 0 0
7 20 22 66 38 411 994 795 19 1 UTTAR MITHACHHARI উȪর িমঠাছিড় 0 0 1122.46 0 371.92
8 20 22 66 38 411 994 795 04 010 1 ADARSHAGRAM আদ̹Żাম 0 0 0.00 0 0
8 20 22 66 38 411 994 795 23 011 1 ASHKARKHIL আশকরিখল 0 0 0.00 0 0
8 20 22 66 38 411 994 795 15 022 1 BARAPARA বড়পাড়া 0 0 0.00 0 0
8 20 22 66 38 411 994 795 26 023 1 BARUAPARA বΞয়াপাড়া 0 0 0.00 0 0
8 20 22 66 38 411 994 795 11 024 1 BENGDEPA বαাঙেডপা 0 0 0.00 0 0
8 20 22 66 38 411 994 795 12 025 1 BHARACHHARAKUL ভরাছড়াŇল 0 0 0.00 0 0
8 20 22 66 38 411 994 795 13 036 1 CHARPARA চরপাড়া 0 0 0.00 0 0
8 20 22 66 38 411 994 795 21 047 1 DAKKHINPARA দিţণপাড়া 0 0 0.00 0 0
8 20 22 66 38 411 994 795 14 078 1 GARJANIAPARA গǄিনয়াপাড়া 0 0 0.00 0 0
8 20 22 66 38 411 994 795 03 079 1 GHONARPARA έঘানারপাড়া 0 0 0.00 0 0
8 20 22 66 38 411 994 795 09 110 1 JUMCHHARI ǁমছিড় 0 0 0.00 0 0
8 20 22 66 38 411 994 795 05 121 1 KONARPARA έকানারপাড়া 0 0 0.00 0 0
8 20 22 66 38 411 994 795 24 122 1 KULALPARA Ňলালপাড়া 0 0 0.00 0 0
55 / 79

-- 56 of 81 --

কাǿ িবভাগ
έকাড
έজলা
έকাড
িসিট
έকাড
উপ/
থানা
έকাড
έপৗর
έকাড
ইউ/
ওয়াǿ
έকাড
(ʔরাতন)
ইউ/
ওয়াǿ
έকাড
(নȣন)
έমৗজা/
মহ̲া
έকাড
(ʔরাতন)
έমৗজা
έকাড
(নȣন)
έজ
এল
নং
Żাম
έকাড
(ʔরাতন)
Żাম/মহ̲া
/*পাড়া
έকাড
(নȣন)
আর
এম ও
έমাট
খɶ
খɶ
নং ˘িম (একের)
নদী
পথ
(একের)
বনাǝল (একের) ধরণ
1 2 3 4 5 6 7 8 9 10 11 12 13 14 15 16 17 18 19 20 21 22
ʚশাসিনক ইউিনেটর নােমর বানান
8 20 22 66 38 411 994 795 08 143 1 MITACHHARA িমতারছড়া 0 0 0.00 0 0
8 20 22 66 38 411 994 795 07 144 1 MOULAVIPARA έমৗলভীপাড়া 0 0 0.00 0 0
8 20 22 66 38 411 994 795 10 145 1 MURAPARA ˥ড়াপাড়া 0 0 0.00 0 0
8 20 22 66 38 411 994 795 16 146 1 MURAPARA ˥ড়াপাড়া 0 0 0.00 0 0
8 20 22 66 38 411 994 795 19 177 1 PAHARIAPARA পাহািড়য়াপাড়া 0 0 0.00 0 0
8 20 22 66 38 411 994 795 25 178 1 PAHARIAPARA পাহািড়য়াপাড়া 0 0 0.00 0 0
8 20 22 66 38 411 994 795 17 179 1 PASHCHIM NONACHHARI পি̽ম έনানাছিড় 0 0 0.00 0 0	8 20 22 66 38 411 994 795 17 179 1 PASHCHIM NONACHHARI পি̽ম έনানাছিড় 0 0 0.00 0 0
8 20 22 66 38 411 994 795 18 180 1 PASHCHIMPARA পি̽মপাড়া 0 0 0.00 0 0
8 20 22 66 38 411 994 795 22 181 1 PURBAPARA ʕʻপাড়া 0 0 0.00 0 0
8 20 22 66 38 411 994 795 06 202 1 RABARBAGAN রাবারবাগান 0 0 0.00 0 0
8 20 22 66 38 411 994 795 02 213 1 SIKDARPARA িসকদারপাড়া 0 0 0.00 0 0
8 20 22 66 38 411 994 795 01 234 1 UTTAR MITHACHHARI উȪর িমঠাছিড় 0 0 0.00 0 0
8 20 22 66 38 411 994 795 20 235 1 UTTARPARA উȪরপাড়া 0 0 0.00 0 0
6 20 22 66 47 445 KACHCHHAPIA কƮিপয়া 0 0 11135.72 0 5914.11 1
7 20 22 66 47 445 076 147 5 1 DAKKHIN KACHCHHAPIA দিţণ কƮিপয়া 0 0 5567.88 0 2990.99
8 20 22 66 47 445 076 147 06 020 1 BALUBASA DAKTARKATA বা̛বাসা ডাŗারকাটা 0 0 0.00 0 0
8 20 22 66 47 445 076 147 04 021 1 BARA JANGCHHARI বড় জাংছিড় 0 0 0.00 0 0
8 20 22 66 47 445 076 147 03 032 1 CHHOTA HAJIRPARA JANGCHHARI έছাট হাজীরপাড়া জাংছিড় 0 0 0.00 0 0
8 20 22 66 47 445 076 147 01 063 1 FAKRIKATA ফািōকাটা 0 0 0.00 0 0
8 20 22 66 47 445 076 147 02 134 1 MOULAVIRKATA έমৗলভীরকাটা 0 0 0.00 0 0
8 20 22 66 47 445 076 147 05 195 1 SHAHAR ALIRCHAR শহর আলীরচর 0 0 0.00 0 0
7 20 22 66 47 445 561 418 4 1 KACHCHHAPIA কƮিপয়া 0 0 5567.84 0 2923.12
56 / 79

-- 57 of 81 --

কাǿ িবভাগ
έকাড
έজলা
έকাড
িসিট
έকাড
উপ/
থানা
έকাড
έপৗর
έকাড
ইউ/
ওয়াǿ
έকাড
(ʔরাতন)
ইউ/
ওয়াǿ
έকাড
(নȣন)
έমৗজা/
মহ̲া
έকাড
(ʔরাতন)
έমৗজা
έকাড
(নȣন)
έজ
এল
নং
Żাম
έকাড
(ʔরাতন)
Żাম/মহ̲া
/*পাড়া
έকাড
(নȣন)
আর
এম ও
έমাট
খɶ
খɶ
নং ˘িম (একের)
নদী
পথ
(একের)
বনাǝল (একের) ধরণ
1 2 3 4 5 6 7 8 9 10 11 12 13 14 15 16 17 18 19 20 21 22
ʚশাসিনক ইউিনেটর নােমর বানান
8 20 22 66 47 445 561 418 09 010 1 ADARSHAGRAM আদ̹Żাম 0 0 0.00 0 0
8 20 22 66 47 445 561 418 07 021 1 BALUBASA বা̛বাসা 0 0 0.00 0 0
8 20 22 66 47 445 561 418 12 022 1 BALUBASA বা̛বাসা 0 0 0.00 0 0
8 20 22 66 47 445 561 418 10 023 1 BARA JANGCHHARI বড় জাংছিড় 0 0 0.00 0 0
8 20 22 66 47 445 561 418 13 024 1 BHANGADEPA ভাƝােডপা 0 0 0.00 0 0
8 20 22 66 47 445 561 418 04 035 1 CHHOTA SHUKMUNIA JANGCHHARI έছাট ̶ ক˥িনয়া জাংছিড় 0 0 0.00 0 0
8 20 22 66 47 445 561 418 08 046 1 DAKBHANGA ডাকভাƝা 0 0 0.00 0 0	8 20 22 66 47 445 561 418 08 046 1 DAKBHANGA ডাকভাƝা 0 0 0.00 0 0
8 20 22 66 47 445 561 418 11 047 1 DAKKHIN MOULAVIKATA দিţণ έমৗলভীকাটা 0 0 0.00 0 0
8 20 22 66 47 445 561 418 03 048 1 DOUCHHARI έদাছিড় 0 0 0.00 0 0
8 20 22 66 47 445 561 418 01 119 1 KACHCHHAPIA GHILATALI কƮিপয়া িঘলাতলী 0 0 0.00 0 0
8 20 22 66 47 445 561 418 06 200 1 SHUKMUNIA	̶	 ক˥িনয়া 0 0 0.00 0 0
8 20 22 66 47 445 561 418 02 211 1 TITARPARA িততারপাড়া 0 0 0.00 0 0
6 20 22 66 57 463 KHUNIAPALANG ŭিনয়াপালং 0 0 19017.85 0 0 1
7 20 22 66 57 463 127 149 37 1 DARIAR DIGHI দািরয়ার দীিঘ 0 0 3196.10 0 0
8 20 22 66 57 463 127 149 01 040 1 DARIAR DIGHI দািরয়ার দীিঘ 0 0 0.00 0 0
7 20 22 66 57 463 178 152 36 1 DHECHHUAPALANG έধƸয়াপালং 0 0 1155.60 0 915.96
8 20 22 66 57 463 178 152 01 040 1 DHECHHUAPALANG έধƸয়াপালং 0 0 0.00 0 0
7 20 22 66 57 463 204 153 34 1 DHOAPALANG έধায়াপালং 0 0 859.99 0 0
8 20 22 66 57 463 204 153 01 040 1 DHOAPALANG έধায়াপালং 0 0 0.00 0 0
7 20 22 66 57 463 280 265 33 1 GOALIAPALANG έগায়ািলয়াপালং 0 0 772.01 0 0
8 20 22 66 57 463 280 265 01 070 1 GOALIAPALANG έগায়ািলয়াপালং 0 0 0.00 0 0
7 20 22 66 57 463 382 150 38 1 DARIAR DIGHI দািরয়ার দীিঘ 0 0 1803.96 0 0
8 20 22 66 57 463 382 150 01 100 1 JANGAL DARIAR DIGHI জƝল দািরয়ার দীিঘ 0 0 0.00 0 0
57 / 79

-- 58 of 81 --

কাǿ িবভাগ
έকাড
έজলা
έকাড
িসিট
έকাড
উপ/
থানা
έকাড
έপৗর
έকাড
ইউ/
ওয়াǿ
έকাড
(ʔরাতন)
ইউ/
ওয়াǿ
έকাড
(নȣন)
έমৗজা/
মহ̲া
έকাড
(ʔরাতন)
έমৗজা
έকাড
(নȣন)
έজ
এল
নং
Żাম
έকাড
(ʔরাতন)
Żাম/মহ̲া
/*পাড়া
έকাড
(নȣন)
আর
এম ও
έমাট
খɶ
খɶ
নং ˘িম (একের)
নদী
পথ
(একের)
বনাǝল (একের) ধরণ
1 2 3 4 5 6 7 8 9 10 11 12 13 14 15 16 17 18 19 20 21 22
ʚশাসিনক ইউিনেটর নােমর বানান
7 20 22 66 57 463 433 376 30 1 JANGAL DHOAPALANG জƝল έধায়াপালং 0 0 1470.72 0 0
8 20 22 66 57 463 433 376 01 040 1 DHOAPALANG έধায়াপালং 0 0 0.00 0 0
7 20 22 66 57 463 484 379 32 1 JANGAL GOALIA PALANG জƝল έগায়ািলয়া পালং 0 0 1134.64 0 0
8 20 22 66 57 463 484 379 01 070 1 GOALIA PALANG έগায়ািলয়া পালং 0 0 0.00 0 0
7 20 22 66 57 463 535 380 29 1 JANGAL KHUNIAPALANG জƝল ŭিনয়াপালং 0 0 5187.12 0 0
8 20 22 66 57 463 535 380 01 100 1 JANGAL KHUNIAPALANG জƝল ŭিনয়াপালং 0 0 0.00 0 0
7 20 22 66 57 463 612 420 35 1 KHUNIAPALANG ŭিনয়াপালং 0 0 2857.40 0 0	7 20 22 66 57 463 612 420 35 1 KHUNIAPALANG ŭিনয়াপালং 0 0 2857.40 0 0
8 20 22 66 57 463 612 420 01 110 1 KHUNIAPALANG ŭিনয়াপালং 0 0 0.00 0 0
7 20 22 66 57 463 816 608 31 1 PENCHARDWIP έʨচারɖীপ 0 0 580.31 0 2.26
8 20 22 66 57 463 816 608 10 040 1 DAKKHIN KHUNIAPALANG দিţণ ŭিনয়াপালং 0 0 0.00 0 0
8 20 22 66 57 463 816 608 12 081 1 HIMCHHARI িহমছিড় 0 0 0.00 0 0
8 20 22 66 57 463 816 608 03 112 1 KALARPARA কালারপাড়া 0 0 0.00 0 0
8 20 22 66 57 463 816 608 05 113 1 KAMBANIA ক˿িনয়া 0 0 0.00 0 0
8 20 22 66 57 463 816 608 13 134 1 MONGLAPARA মংলাপাড়া 0 0 0.00 0 0
8 20 22 66 57 463 816 608 07 165 1 PASHCHIM DHOAPALANG পি̽ম έধায়াপালং 0 0 0.00 0 0
8 20 22 66 57 463 816 608 09 166 1 PASHCHIM GOALIAPALNG পি̽ম έগায়ািলয়াপালং 0 0 0.00 0 0
8 20 22 66 57 463 816 608 01 167 1 PENCHARDWIP έʨচারɖীপ 0 0 0.00 0 0
8 20 22 66 57 463 816 608 04 168 1 PURBA DHECHUAPALANG ʕʻ έধƥয়াপালং 0 0 0.00 0 0
8 20 22 66 57 463 816 608 06 169 1 PURBA DHOAPALANG ʕʻ έধায়াপালং 0 0 0.00 0 0
8 20 22 66 57 463 816 608 08 170 1 PURBA GOALIAPALANG ʕʻ έগায়ািলয়াপালং 0 0 0.00 0 0
8 20 22 66 57 463 816 608 02 211 1 THOAINGAKATA έথায়াইƝাকাটা 0 0 0.00 0 0
8 20 22 66 57 463 816 608 11 222 1 UTTAR KHUNIAPALANG উȪর ŭিনয়াপালং 0 0 0.00 0 0
6 20 22 66 66 454 KAUAR KHOP কাউয়ার έখাপ 0 0 6292.08 0 1860.06 1
58 / 79

-- 59 of 81 --

কাǿ িবভাগ
έকাড
έজলা
έকাড
িসিট
έকাড
উপ/
থানা
έকাড
έপৗর
έকাড
ইউ/
ওয়াǿ
έকাড
(ʔরাতন)
ইউ/
ওয়াǿ
έকাড
(নȣন)
έমৗজা/
মহ̲া
έকাড
(ʔরাতন)
έমৗজা
έকাড
(নȣন)
έজ
এল
নং
Żাম
έকাড
(ʔরাতন)
Żাম/মহ̲া
/*পাড়া
έকাড
(নȣন)
আর
এম ও
έমাট
খɶ
খɶ
নং ˘িম (একের)
নদী
পথ
(একের)
বনাǝল (একের) ধরণ
1 2 3 4 5 6 7 8 9 10 11 12 13 14 15 16 17 18 19 20 21 22
ʚশাসিনক ইউিনেটর নােমর বানান
7 20 22 66 66 454 586 419 8 1 KAUAR KHOP কাউয়ার έখাপ 0 0 784.04 0 250.14
8 20 22 66 66 454 586 419 01 110 1 KAUAR KHOP কাউয়ার έখাপ 0 0 0.00 0 0
7 20 22 66 66 454 590 494 7 1 MAISHKUM মইষŇম 0 0 193.03 0 98.07
8 20 22 66 66 454 590 494 01 130 1 MAISHKUM মইষŇম 0 0 0.00 0 0
7 20 22 66 66 454 637 457 39 1 LAT UKHIARGHONA লট উিখয়ারেঘানা 0 0 1518.46 0 0
8 20 22 66 66 454 637 457 01 120 1 LAT UKHIARGHONA লট উিখয়ারেঘানা 0 0 0.00 0 0
7 20 22 66 66 454 688 495 6 1 MANIRJHIL মিনরিঝল 0 0 1332.41 0 655.73	7 20 22 66 66 454 688 495 6 1 MANIRJHIL মিনরিঝল 0 0 1332.41 0 655.73
8 20 22 66 66 454 688 495 01 130 1 MANIRJHIL মিনরিঝল 0 0 0.00 0 0
7 20 22 66 66 454 867 718 24 1 SONAICHHARI έসানাইছিড় 0 0 1290.26 0 739.58
8 20 22 66 66 454 867 718 01 190 1 SONAICHHARI έসানাইছিড় 0 0 0.00 0 0
7 20 22 66 66 454 918 792 9 1 UKHIARGHONA উিখয়ারেঘানা 0 0 1173.88 0 116.28
8 20 22 66 66 454 918 792 16 020 1 BARUAPARA বΞয়াপাড়া 0 0 0.00 0 0
8 20 22 66 66 454 918 792 21 031 1 CHAKKATA চাককাটা 0 0 0.00 0 0
8 20 22 66 66 454 918 792 04 032 1 CHARPARA চরপাড়া 0 0 0.00 0 0
8 20 22 66 66 454 918 792 20 043 1 DAKKHIN SONAICHHARI দিţণ έসানাইছিড় 0 0 0.00 0 0
8 20 22 66 66 454 918 792 22 044 1 DAKKHINPARA দিţণপাড়া 0 0 0.00 0 0
8 20 22 66 66 454 918 792 17 045 1 DARGAH PAHARPARA দরগাহ পাহাড়পাড়া 0 0 0.00 0 0
8 20 22 66 66 454 918 792 05 046 1 DEPARKUL έডপারŇল 0 0 0.00 0 0
8 20 22 66 66 454 918 792 03 047 1 DULPARA ǽলপাড়া 0 0 0.00 0 0
8 20 22 66 66 454 918 792 10 068 1 FULANIRCHAR ʫলনীরচর 0 0 0.00 0 0
8 20 22 66 66 454 918 792 11 079 1 GACHHUAPARA গাƸয়াপাড়া 0 0 0.00 0 0
8 20 22 66 66 454 918 792 12 080 1 GANIAKATA গিনয়াকাটা 0 0 0.00 0 0
8 20 22 66 66 454 918 792 13 081 1 GUDAMKATA Ŷদামকাটা 0 0 0.00 0 0
59 / 79

-- 60 of 81 --

কাǿ িবভাগ
έকাড
έজলা
έকাড
িসিট
έকাড
উপ/
থানা
έকাড
έপৗর
έকাড
ইউ/
ওয়াǿ
έকাড
(ʔরাতন)
ইউ/
ওয়াǿ
έকাড
(নȣন)
έমৗজা/
মহ̲া
έকাড
(ʔরাতন)
έমৗজা
έকাড
(নȣন)
έজ
এল
নং
Żাম
έকাড
(ʔরাতন)
Żাম/মহ̲া
/*পাড়া
έকাড
(নȣন)
আর
এম ও
έমাট
খɶ
খɶ
নং ˘িম (একের)
নদী
পথ
(একের)
বনাǝল (একের) ধরণ
1 2 3 4 5 6 7 8 9 10 11 12 13 14 15 16 17 18 19 20 21 22
ʚশাসিনক ইউিনেটর নােমর বানান
8 20 22 66 66 454 918 792 14 132 1 LAMARPARA লামারপাড়া 0 0 0.00 0 0
8 20 22 66 66 454 918 792 18 143 1 MADHYA MANIRJHEEL মধα মিনরিঝল 0 0 0.00 0 0
8 20 22 66 66 454 918 792 02 144 1 MADHYAPARA মধαপাড়া 0 0 0.00 0 0
8 20 22 66 66 454 918 792 07 175 1 PAHARPARA পাহাড়পাড়া 0 0 0.00 0 0
8 20 22 66 66 454 918 792 06 176 1 PASHCHIMPARA পি̽মপাড়া 0 0 0.00 0 0
8 20 22 66 66 454 918 792 19 177 1 PURBA MANIRJHEEL ʕʻ মিনরিঝল 0 0 0.00 0 0
8 20 22 66 66 454 918 792 09 178 1 PURBAPARA ʕʻপাড়া 0 0 0.00 0 0	8 20 22 66 66 454 918 792 09 178 1 PURBAPARA ʕʻপাড়া 0 0 0.00 0 0
8 20 22 66 66 454 918 792 15 209 1 SAWDAGARPARA সওদাগরপাড়া 0 0 0.00 0 0
8 20 22 66 66 454 918 792 01 230 1 UKHIARGHONA উিখয়ারেঘানা 0 0 0.00 0 0
8 20 22 66 66 454 918 792 08 241 1 VILLAGERPARA িভেলজারপাড়া 0 0 0.00 0 0
6 20 22 66 70 688 RASHIDNAGAR রিশদনগর 0 0 4256.46 0 2292.39 1
7 20 22 66 70 688 153 151 14 1 DHALIRCHHARA ধিলরছড়া 0 0 2515.05 0 625.1
8 20 22 66 70 688 153 151 01 040 1 DHALIRCHHARA ধিলরছড়া 0 0 0.00 0 0
7 20 22 66 70 688 408 375 13 1 JANGAL DHALIRCHHARA জƝল ধিলরছড়া 0 0 1626.70 0 1626.7
8 20 22 66 70 688 408 375 01 100 1 JANGAL DHALIRCHHARA জƝল ধিলরছড়া 0 0 0.00 0 0
7 20 22 66 70 688 943 793 16 1 ULTAKHALI উ̣াখালী 0 0 114.71 0 40.59
8 20 22 66 70 688 943 793 05 020 1 BARA DHALIRCHHARA বড় ধিলরছড়া 0 0 0.00 0 0
8 20 22 66 70 688 943 793 13 041 1 DHALIRCHHARA MURAPARA ধিলরছড়া ˥ড়াপাড়া 0 0 0.00 0 0
8 20 22 66 70 688 943 793 06 082 1 HAMIRPARA হািমরপাড়া 0 0 0.00 0 0
8 20 22 66 70 688 943 793 10 083 1 HARITALA হিরতলা 0 0 0.00 0 0
8 20 22 66 70 688 943 793 11 104 1 JETIPARA έজিটপাড়া 0 0 0.00 0 0
8 20 22 66 70 688 943 793 04 115 1 KAHATIAPARA কাহািতয়াপাড়া 0 0 0.00 0 0
8 20 22 66 70 688 943 793 08 146 1 NASIRAPARA নািছরাপাড়া 0 0 0.00 0 0
60 / 79

-- 61 of 81 --

কাǿ িবভাগ
έকাড
έজলা
έকাড
িসিট
έকাড
উপ/
থানা
έকাড
έপৗর
έকাড
ইউ/
ওয়াǿ
έকাড
(ʔরাতন)
ইউ/
ওয়াǿ
έকাড
(নȣন)
έমৗজা/
মহ̲া
έকাড
(ʔরাতন)
έমৗজা
έকাড
(নȣন)
έজ
এল
নং
Żাম
έকাড
(ʔরাতন)
Żাম/মহ̲া
/*পাড়া
έকাড
(নȣন)
আর
এম ও
έমাট
খɶ
খɶ
নং ˘িম (একের)
নদী
পথ
(একের)
বনাǝল (একের) ধরণ
1 2 3 4 5 6 7 8 9 10 11 12 13 14 15 16 17 18 19 20 21 22
ʚশাসিনক ইউিনেটর নােমর বানান
8 20 22 66 70 688 943 793 14 167 1 PAHARTALI পাহাড়তলী 0 0 0.00 0 0
8 20 22 66 70 688 943 793 09 168 1 PANIRCHHARA পািনরছড়া 0 0 0.00 0 0
8 20 22 66 70 688 943 793 12 169 1 PANIRCHHARA MURAPARA পািনরছড়া ˥ড়াপাড়া 0 0 0.00 0 0
8 20 22 66 70 688 943 793 15 170 1 PURBA KADMARPARA ʕʻ কাদমরপাড়া 0 0 0.00 0 0
8 20 22 66 70 688 943 793 03 201 1 SANDWIPPARA সʅীপপাড়া 0 0 0.00 0 0
8 20 22 66 70 688 943 793 02 202 1 SIKDERPARA িসকদারপাড়া 0 0 0.00 0 0
8 20 22 66 70 688 943 793 07 213 1 THALIAGHONA থিলয়ােঘানা 0 0 0.00 0 0	8 20 22 66 70 688 943 793 07 213 1 THALIAGHONA থিলয়ােঘানা 0 0 0.00 0 0
8 20 22 66 70 688 943 793 01 224 1 ULTAKHALI উ̣াখালী 0 0 0.00 0 0
6 20 22 66 76 679 RAJARKUL রাজারŇল 0 0 5043.48 0 2362.85 1
7 20 22 66 76 679 841 681 25 1 RAJARKUL রাজারŇল 0 0 5043.48 0 2362.85
8 20 22 66 76 679 841 681 14 020 1 BARUAPARA বΞয়াপাড়া 0 0 0.00 0 0
8 20 22 66 76 679 841 681 15 031 1 CHARPARA চরপাড়া 0 0 0.00 0 0
8 20 22 66 76 679 841 681 10 072 1 GHONARPARA έঘানারপাড়া 0 0 0.00 0 0
8 20 22 66 76 679 841 681 12 083 1 HAJIPARA হাজীপাড়া 0 0 0.00 0 0
8 20 22 66 76 679 841 681 06 084 1 HALDARKUL হালদারŇল 0 0 0.00 0 0
8 20 22 66 76 679 841 681 02 135 1 MADHYA RAJARKUL মধα রাজারŇল 0 0 0.00 0 0
8 20 22 66 76 679 841 681 05 136 1 MOULAVIPARA έমৗলভীপাড়া 0 0 0.00 0 0
8 20 22 66 76 679 841 681 09 147 1 NAYAPARA নয়াপাড়া 0 0 0.00 0 0
8 20 22 66 76 679 841 681 13 168 1 PAHARPARA পাহাড়পাড়া 0 0 0.00 0 0
8 20 22 66 76 679 841 681 07 169 1 PAHARTALI পাহাড়তলী 0 0 0.00 0 0
8 20 22 66 76 679 841 681 04 170 1 PASHCHIM RAJARKUL পি̽ম রাজারŇল 0 0 0.00 0 0
8 20 22 66 76 679 841 681 03 171 1 PURBA RAJARKUL ʕʻ রাজারŇল 0 0 0.00 0 0
8 20 22 66 76 679 841 681 01 192 1 RAJARKUL NASIRKUL রাজারŇল নািসরŇল 0 0 0.00 0 0
61 / 79

-- 62 of 81 --

কাǿ িবভাগ
έকাড
έজলা
έকাড
িসিট
έকাড
উপ/
থানা
έকাড
έপৗর
έকাড
ইউ/
ওয়াǿ
έকাড
(ʔরাতন)
ইউ/
ওয়াǿ
έকাড
(নȣন)
έমৗজা/
মহ̲া
έকাড
(ʔরাতন)
έমৗজা
έকাড
(নȣন)
έজ
এল
নং
Żাম
έকাড
(ʔরাতন)
Żাম/মহ̲া
/*পাড়া
έকাড
(নȣন)
আর
এম ও
έমাট
খɶ
খɶ
নং ˘িম (একের)
নদী
পথ
(একের)
বনাǝল (একের) ধরণ
1 2 3 4 5 6 7 8 9 10 11 12 13 14 15 16 17 18 19 20 21 22
ʚশাসিনক ইউিনেটর নােমর বানান
8 20 22 66 76 679 841 681 11 193 1 RAMKUT রামŇট 0 0 0.00 0 0
8 20 22 66 76 679 841 681 08 204 1 SIKDARPARA িসকদারপাড়া 0 0 0.00 0 0
6 20 22 66 85 209 DAKKHIN MITHACHHARI দিţণ িমঠাছিড় 0 0 10084.38 0 0 1
7 20 22 66 85 209 025 109 28 1 CHAINDA έচইʁা 0 0 2414.21 0 1506.85
8 20 22 66 85 209 025 109 01 030 1 CHARPARA চরপাড়া 0 0 0.00 0 0
8 20 22 66 85 209 025 109 06 031 1 CHHARARKUL ছড়ারŇল 0 0 0.00 0 0
8 20 22 66 85 209 025 109 07 072 1 GHONARPARA έঘানারপাড়া 0 0 0.00 0 0	8 20 22 66 85 209 025 109 07 072 1 GHONARPARA έঘানারপাড়া 0 0 0.00 0 0
8 20 22 66 85 209 025 109 04 113 1 KAIMYARGHONA কাইমαারেঘানা 0 0 0.00 0 0
8 20 22 66 85 209 025 109 05 114 1 KHONDAKARPARA έখাʁকারপাড়া 0 0 0.00 0 0
8 20 22 66 85 209 025 109 03 195 1 SADARPARA সাদরপাড়া 0 0 0.00 0 0
8 20 22 66 85 209 025 109 02 196 1 SUMBRUCHAR	ͦ	 মʿচর 0 0 0.00 0 0
7 20 22 66 85 209 102 148 27 1 DAKKHIN MITHACHHARI দিţণ িমঠাছিড় 0 0 5842.30 0 0
8 20 22 66 85 209 102 148 10 020 1 BALIPARA বিলপাড়া 0 0 0.00 0 0
8 20 22 66 85 209 102 148 07 021 1 BARUAPARA বΞয়াপাড়া 0 0 0.00 0 0
8 20 22 66 85 209 102 148 02 032 1 CHARPARA চরপাড়া 0 0 0.00 0 0
8 20 22 66 85 209 102 148 04 033 1 CHHARARKUL ছরারŇল 0 0 0.00 0 0
8 20 22 66 85 209 102 148 11 044 1 DAKKHIN MITHACHHARI দিţণ িমঠাছিড় 0 0 0.00 0 0
8 20 22 66 85 209 102 148 12 065 1 FAKIRAMURA ফিকরা˥ড়া 0 0 0.00 0 0
8 20 22 66 85 209 102 148 01 076 1 GHATPARA ঘাটপাড়া 0 0 0.00 0 0
8 20 22 66 85 209 102 148 05 117 1 KALA KHONDAKARPARA কালা έখাʁকারপাড়া 0 0 0.00 0 0
8 20 22 66 85 209 102 148 08 138 1 MAGPARA মগপাড়া 0 0 0.00 0 0
8 20 22 66 85 209 102 148 09 169 1 PANERCHHARA পােনরছড়া 0 0 0.00 0 0
8 20 22 66 85 209 102 148 13 200 1 SAMITIPARA সিমিতপাড়া 0 0 0.00 0 0
62 / 79

-- 63 of 81 --

কাǿ িবভাগ
έকাড
έজলা
έকাড
িসিট
έকাড
উপ/
থানা
έকাড
έপৗর
έকাড
ইউ/
ওয়াǿ
έকাড
(ʔরাতন)
ইউ/
ওয়াǿ
έকাড
(নȣন)
έমৗজা/
মহ̲া
έকাড
(ʔরাতন)
έমৗজা
έকাড
(নȣন)
έজ
এল
নং
Żাম
έকাড
(ʔরাতন)
Żাম/মহ̲া
/*পাড়া
έকাড
(নȣন)
আর
এম ও
έমাট
খɶ
খɶ
নং ˘িম (একের)
নদী
পথ
(একের)
বনাǝল (একের) ধরণ
1 2 3 4 5 6 7 8 9 10 11 12 13 14 15 16 17 18 19 20 21 22
ʚশাসিনক ইউিনেটর নােমর বানান
8 20 22 66 85 209 102 148 03 201 1 SIKDARPARA িসকদারপাড়া 0 0 0.00 0 0
8 20 22 66 85 209 102 148 06 212 1 TETAIYAPARA έতৈতয়াপাড়া 0 0 0.00 0 0
7 20 22 66 85 209 969 794 26 1 UMKHALI উমখালী 0 0 1827.87 0 0
8 20 22 66 85 209 969 794 09 010 1 ABUBAKKARPARA আʸবŐরপাড়া 0 0 0.00 0 0
8 20 22 66 85 209 969 794 03 011 1 AZIMUDDINPARA আিজ˥িɌনপাড়া 0 0 0.00 0 0
8 20 22 66 85 209 969 794 05 102 1 JANU MATBARPARA জɭ মাতবরপাড়া 0 0 0.00 0 0
8 20 22 66 85 209 969 794 08 113 1 KARAILYACHHARI করইলαাছিড় 0 0 0.00 0 0	8 20 22 66 85 209 969 794 08 113 1 KARAILYACHHARI করইলαাছিড় 0 0 0.00 0 0
8 20 22 66 85 209 969 794 02 114 1 KAZIRPARA কাজীরপাড়া 0 0 0.00 0 0
8 20 22 66 85 209 969 794 07 135 1 MOKTAR BAPERPARA έমাŗার বােপরপাড়া 0 0 0.00 0 0
8 20 22 66 85 209 969 794 04 166 1 PASHCHIM DHARPARA পি̽ম ধরপাড়া 0 0 0.00 0 0
8 20 22 66 85 209 969 794 01 167 1 PASHCHIM UMKHALI পি̽ম উমখালী 0 0 0.00 0 0
8 20 22 66 85 209 969 794 06 168 1 PURBA DHARPARA ʕʻ ধরপাড়া 0 0 0.00 0 0
4 20 22 90 TEKNAF έটকনাফ 96530.52 0 32407.52 1
6 20 22 90 15 142 BAHARCHHARA বাহারছড়া 0 0 4485.26 0 2.98 1
7 20 22 90 15 142 082 073 7 1 BARA DEIL বড় έডইল 0 0 1860.50 0 0
8 20 22 90 15 142 082 073 03 020 1 BARA DEIL বড় έডইল 0 0 0.00 0 0
8 20 22 90 15 142 082 073 01 081 1 HAJAMPARA হাজমপাড়া 0 0 0.00 0 0
8 20 22 90 15 142 082 073 04 112 1 KACHCHHAPIA কƮিপয়া 0 0 0.00 0 0
8 20 22 90 15 142 082 073 07 113 1 KARACHIPARA করািচপাড়া 0 0 0.00 0 0
8 20 22 90 15 142 082 073 06 134 1 MARISHBANIA মািরষবিনয়া 0 0 0.00 0 0
8 20 22 90 15 142 082 073 02 135 1 MATHABHANGA মাথাভাƝা 0 0 0.00 0 0 1
8 20 22 90 15 142 082 073 05 146 1 NOAKHALI έনায়াখালী 0 0 0.00 0 0 1
8 20 22 90 15 142 082 073 10 147 1 NOAKHALI BAGHGHONA έনায়াখালী বাঘেঘানা 0 0 0.00 0 0
63 / 79

-- 64 of 81 --

কাǿ িবভাগ
έকাড
έজলা
έকাড
িসিট
έকাড
উপ/
থানা
έকাড
έপৗর
έকাড
ইউ/
ওয়াǿ
έকাড
(ʔরাতন)
ইউ/
ওয়াǿ
έকাড
(নȣন)
έমৗজা/
মহ̲া
έকাড
(ʔরাতন)
έমৗজা
έকাড
(নȣন)
έজ
এল
নং
Żাম
έকাড
(ʔরাতন)
Żাম/মহ̲া
/*পাড়া
έকাড
(নȣন)
আর
এম ও
έমাট
খɶ
খɶ
নং ˘িম (একের)
নদী
পথ
(একের)
বনাǝল (একের) ধরণ
1 2 3 4 5 6 7 8 9 10 11 12 13 14 15 16 17 18 19 20 21 22
ʚশাসিনক ইউিনেটর নােমর বানান
8 20 22 90 15 142 082 073 09 148 1 NOAKHALI JUMMAPARA έনায়াখালী ǁ̅াপাড়া 0 0 0.00 0 0
8 20 22 90 15 142 082 073 11 149 1 NOAKHALI KONARPARA έনায়াখালী έকানারপাড়া 0 0 0.00 0 0
8 20 22 90 15 142 082 073 08 170 1 PINICHHBHANGA িপিনছভাƝা 0 0 0.00 0 0
7 20 22 90 15 142 746 693 1 1 SHILKHALI িশলখালী 0 0 2624.76 0 2.98 5
8 20 22 90 15 142 746 693 14 030 1 CHAKMAPARA চাকমাপাড়া 0 0 0.00 0 0
8 20 22 90 15 142 746 693 10 031 1 CHOWKIDARPARA έচৗিকদারপাড়া 0 0 0.00 0 0
8 20 22 90 15 142 746 693 05 042 1 DAKKHIN SHILKHALI CHAKMAPARA দিţণ িশলখালী চাকমাপাড়া 0 0 0.00 0 0	8 20 22 90 15 142 746 693 05 042 1 DAKKHIN SHILKHALI CHAKMAPARA দিţণ িশলখালী চাকমাপাড়া 0 0 0.00 0 0
8 20 22 90 15 142 746 693 11 043 1 DAKKHIN SHILKHALI SHILCHHARIPARA দিţণ িশলখালী িশলছিড়পাড়া 0 0 0.00 0 0
8 20 22 90 15 142 746 693 04 084 1 HALBANIA হলবিনয়া 0 0 0.00 0 0
8 20 22 90 15 142 746 693 03 105 1 JAHAJPURA জাহাজʔরা 0 0 0.00 0 0
8 20 22 90 15 142 746 693 02 106 1 JAHAJPURA MATHPARA জাহাজʔরা মাঠপাড়া 0 0 0.00 0 0
8 20 22 90 15 142 746 693 12 117 1 KADERPARA কােদরপাড়া 0 0 0.00 0 0
8 20 22 90 15 142 746 693 13 138 1 MATHPARA মাঠপাড়া 0 0 0.00 0 0
8 20 22 90 15 142 746 693 15 139 1 MIARPARA িময়ারপাড়া 0 0 0.00 0 0
8 20 22 90 15 142 746 693 08 200 1 SHYAMLAPUR JUMAPARA শαামলাʔর ǁমাপাড়া 0 0 0.00 0 0
8 20 22 90 15 142 746 693 09 201 1 SHYAMLAPUR MANDALIA শαামলাʔর মȘিলয়া 0 0 0.00 0 0
8 20 22 90 15 142 746 693 06 202 1 SHYAMLAPUR NOAPARA শαামলাʔর έনায়াপাড়া 0 0 0.00 0 0
8 20 22 90 15 142 746 693 07 203 1 SHYAMLAPUR PURANPARA শαামলাʔর ʔরানপাড়া 0 0 0.00 0 0
8 20 22 90 15 142 746 693 01 224 1 UTTAR SHILKHALI উȪর িশলখালী 0 0 0.00 0 0
6 20 22 90 31 539 NHILA Ηীলা 0 0 17125.00 0 395.33 1
7 20 22 90 31 539 165 146 5 1 DAKKHIN NHILA দিţণ Ηীলা 0 0 9795.00 0 346.41 5
8 20 22 90 31 539 165 146 26 020 1 BARA LECHUAPRANG বড় έলƥয়াʚাং 0 0 0.00 0 0
64 / 79

-- 65 of 81 --

কাǿ িবভাগ
έকাড
έজলা
έকাড
িসিট
έকাড
উপ/
থানা
έকাড
έপৗর
έকাড
ইউ/
ওয়াǿ
έকাড
(ʔরাতন)
ইউ/
ওয়াǿ
έকাড
(নȣন)
έমৗজা/
মহ̲া
έকাড
(ʔরাতন)
έমৗজা
έকাড
(নȣন)
έজ
এল
নং
Żাম
έকাড
(ʔরাতন)
Żাম/মহ̲া
/*পাড়া
έকাড
(নȣন)
আর
এম ও
έমাট
খɶ
খɶ
নং ˘িম (একের)
নদী
পথ
(একের)
বনাǝল (একের) ধরণ
1 2 3 4 5 6 7 8 9 10 11 12 13 14 15 16 17 18 19 20 21 22
ʚশাসিনক ইউিনেটর নােমর বানান
8 20 22 90 31 539 165 146 25 031 1 CHHOTA LECHUAPRANG έছাট έলƥয়াʚাং 0 0 0.00 0 0
8 20 22 90 31 539 165 146 07 032 1 CHOWDHURYPARA έচৗɡরীপাড়া 0 0 0.00 0 0
8 20 22 90 31 539 165 146 22 043 1 DAKKHIN ALIKHALI দিţণ আিলখালী 0 0 0.00 0 0
8 20 22 90 31 539 165 146 14 044 1 DAMDUMIA দমɃিময়া 0 0 0.00 0 0
8 20 22 90 31 539 165 146 21 045 1 DARGAHPARA দরগাহপাড়া 0 0 0.00 0 0
8 20 22 90 31 539 165 146 05 066 1 FULER DEIL ʫেলর έডইল 0 0 0.00 0 0
8 20 22 90 31 539 165 146 28 077 1 GAZIPARA গাজীপাড়া 0 0 0.00 0 0	8 20 22 90 31 539 165 146 28 077 1 GAZIPARA গাজীপাড়া 0 0 0.00 0 0
8 20 22 90 31 539 165 146 17 078 1 GUDAMPARA Ŷদামপাড়া 0 0 0.00 0 0
8 20 22 90 31 539 165 146 13 109 1 JADIMORA জাদীেমারা 0 0 0.00 0 0
8 20 22 90 31 539 165 146 30 110 1 JALIAPARA জািলয়াপাড়া 0 0 0.00 0 0
8 20 22 90 31 539 165 146 10 111 1 JUMMAPARA ǁ̅াপাড়া 0 0 0.00 0 0
8 20 22 90 31 539 165 146 27 122 1 KYANGPARA কαাংপাড়া 0 0 0.00 0 0
8 20 22 90 31 539 165 146 12 143 1 MOCHANIPARA έমাচনীপাড়া 0 0 0.00 0 0
8 20 22 90 31 539 165 146 15 144 1 MOULAVIBAZAR έমৗলভীবাজার 0 0 0.00 0 0
8 20 22 90 31 539 165 146 01 155 1 NAIKYANGKHALI নাইকαংখালী 0 0 0.00 0 0
8 20 22 90 31 539 165 146 06 156 1 NATMORAPARA নাটেমারাপাড়া 0 0 0.00 0 0
8 20 22 90 31 539 165 146 24 177 1 PASHCHIM LEDA পি̽ম έলদা 0 0 0.00 0 0
8 20 22 90 31 539 165 146 19 178 1 PASHCHIM PANKHALI পি̽ম পানখালী 0 0 0.00 0 0
8 20 22 90 31 539 165 146 09 179 1 PASHCHIM RANGIKHALI পি̽ম রিƝখালী 0 0 0.00 0 0
8 20 22 90 31 539 165 146 20 180 1 PASHCHIM SIKDARPARA পি̽ম িসকদারপাড়া 0 0 0.00 0 0 1
8 20 22 90 31 539 165 146 23 181 1 PURBA LEDA ʕʻ έলদা 0 0 0.00 0 0
8 20 22 90 31 539 165 146 29 182 1 PURBA PANKHALI ʕʻ পানখািল 0 0 0.00 0 0
8 20 22 90 31 539 165 146 08 183 1 PURBA RANGIKHALI ʕʻ রিƝখালী 0 0 0.00 0 0
65 / 79

-- 66 of 81 --

কাǿ িবভাগ
έকাড
έজলা
έকাড
িসিট
έকাড
উপ/
থানা
έকাড
έপৗর
έকাড
ইউ/
ওয়াǿ
έকাড
(ʔরাতন)
ইউ/
ওয়াǿ
έকাড
(নȣন)
έমৗজা/
মহ̲া
έকাড
(ʔরাতন)
έমৗজা
έকাড
(নȣন)
έজ
এল
নং
Żাম
έকাড
(ʔরাতন)
Żাম/মহ̲া
/*পাড়া
έকাড
(নȣন)
আর
এম ও
έমাট
খɶ
খɶ
নং ˘িম (একের)
নদী
পথ
(একের)
বনাǝল (একের) ধরণ
1 2 3 4 5 6 7 8 9 10 11 12 13 14 15 16 17 18 19 20 21 22
ʚশাসিনক ইউিনেটর নােমর বানান
8 20 22 90 31 539 165 146 03 184 1 PURBA SIKDARPARA ʕʻ িসকদারপাড়া 0 0 0.00 0 0 1
8 20 22 90 31 539 165 146 16 185 1 PURBAPARA ʕʻপাড়া 0 0 0.00 0 0
8 20 22 90 31 539 165 146 18 226 1 TELIPARA έতলীপাড়া 0 0 0.00 0 0
8 20 22 90 31 539 165 146 04 237 1 ULUCHAMARI উ̛চামরী 0 0 0.00 0 0
8 20 22 90 31 539 165 146 11 238 1 UTTAR ALIKHALI উȪর অ◌ািলখালী 0 0 0.00 0 0
8 20 22 90 31 539 165 146 02 259 1 WABRANG ওয়াʾাং 0 0 0.00 0 0
7 20 22 90 31 539 331 472 4 1 MADHYA NHILA (PART) মধα Ηীলা (অংশ) 2 1 7330.00 0 48.92 5	7 20 22 90 31 539 331 472 4 1 MADHYA NHILA (PART) মধα Ηীলা (অংশ) 2 1 7330.00 0 48.92 5
8 20 22 90 31 539 331 472 03 010 1 ALI AKBARPARA আলী আকবরপাড়া 0 0 0.00 0 0
8 20 22 90 31 539 331 472 01 136 1 MARICHYAGHONA মিরচαােঘানা 0 0 0.00 0 0
8 20 22 90 31 539 331 472 02 191 1 ROJARGHONA έরাজারেঘানা 0 0 0.00 0 0
6 20 22 90 39 714 SAINT MARTIN έসɲ মািǫন 0 0 835.80 0 0 1
7 20 22 90 39 714 995 948 12 1 ZINZIRA DWIP িজনিজরা ɖীপ 0 0 835.80 0 0
8 20 22 90 39 714 995 948 08 040 1 DAKKHINPARA দিţণপাড়া 0 0 0.00 0 0
8 20 22 90 39 714 995 948 02 041 1 DEILPARA έডইলপাড়া 0 0 0.00 0 0
8 20 22 90 39 714 995 948 05 072 1 GALACHIPA গলািচপা 0 0 0.00 0 0
8 20 22 90 39 714 995 948 06 113 1 KONARPARA έকানারপাড়া 0 0 0.00 0 0
8 20 22 90 39 714 995 948 09 134 1 MAJHERPARA মােঝরপাড়া 0 0 0.00 0 0
8 20 22 90 39 714 995 948 07 145 1 NAZRULPARA নজ̓লপাড়া 0 0 0.00 0 0
8 20 22 90 39 714 995 948 04 166 1 PASHCHIMPARA পি̽মপাড়া 0 0 0.00 0 0
8 20 22 90 39 714 995 948 01 167 1 PURBAPARA ʕʻপাড়া 0 0 0.00 0 0
8 20 22 90 39 714 995 948 03 218 1 UTTARPARA উȪরপাড়া 0 0 0.00 0 0
6 20 22 90 47 705 SABRANG সাবরাং 0 0 16256.70 0 295.43 1
7 20 22 90 47 705 580 691 10 1 SABRANG সাবরাং 0 0 8233.60 0 295.43
66 / 79

-- 67 of 81 --

কাǿ িবভাগ
έকাড
έজলা
έকাড
িসিট
έকাড
উপ/
থানা
έকাড
έপৗর
έকাড
ইউ/
ওয়াǿ
έকাড
(ʔরাতন)
ইউ/
ওয়াǿ
έকাড
(নȣন)
έমৗজা/
মহ̲া
έকাড
(ʔরাতন)
έমৗজা
έকাড
(নȣন)
έজ
এল
নং
Żাম
έকাড
(ʔরাতন)
Żাম/মহ̲া
/*পাড়া
έকাড
(নȣন)
আর
এম ও
έমাট
খɶ
খɶ
নং ˘িম (একের)
নদী
পথ
(একের)
বনাǝল (একের) ধরণ
1 2 3 4 5 6 7 8 9 10 11 12 13 14 15 16 17 18 19 20 21 22
ʚশাসিনক ইউিনেটর নােমর বানান
8 20 22 90 47 705 580 691 14 010 1 ACHHARBANIA আছারবিনয়া 0 0 0.00 0 0
8 20 22 90 47 705 580 691 24 011 1 ALIR DEIL আলীর έডইল 0 0 0.00 0 0
8 20 22 90 47 705 580 691 34 012 1 ASHRAYAN আ̺ায়ণ 0 0 0.00 0 0
8 20 22 90 47 705 580 691 01 023 1 BAHARCHHARA বাহারছড়া 0 0 0.00 0 0
8 20 22 90 47 705 580 691 30 024 1 BAZARPARA বাজারপাড়া 0 0 0.00 0 0
8 20 22 90 47 705 580 691 13 025 1 BEINGAPARA έবইƝাপাড়া 0 0 0.00 0 0
8 20 22 90 47 705 580 691 02 036 1 CHANDALIPARA চাʁলীপাড়া 0 0 0.00 0 0	8 20 22 90 47 705 580 691 02 036 1 CHANDALIPARA চাʁলীপাড়া 0 0 0.00 0 0
8 20 22 90 47 705 580 691 16 047 1 DEGILYARBIL έডিগলαারিবল 0 0 0.00 0 0
8 20 22 90 47 705 580 691 17 048 1 DEILPARA έডইলপাড়া 0 0 0.00 0 0
8 20 22 90 47 705 580 691 05 069 1 FATE ALIPARA ফেত আলীপাড়া 0 0 0.00 0 0
8 20 22 90 47 705 580 691 32 080 1 GHOLAPARA έঘালাপাড়া 0 0 0.00 0 0
8 20 22 90 47 705 580 691 26 081 1 GUCHCHHAGRAM ŶƮŻাম 0 0 0.00 0 0
8 20 22 90 47 705 580 691 07 092 1 HADURCHHARA হাɃরছড়া 0 0 0.00 0 0
8 20 22 90 47 705 580 691 06 093 1 HARIAKHALI হািরয়াখালী 0 0 0.00 0 0
8 20 22 90 47 705 580 691 22 114 1 JHINAPARA িঝনাপাড়া 0 0 0.00 0 0
8 20 22 90 47 705 580 691 21 125 1 KACHUBUNIA কƥʸিনয়া 0 0 0.00 0 0
8 20 22 90 47 705 580 691 28 126 1 KARACHIPARA করািচপাড়া 0 0 0.00 0 0
8 20 22 90 47 705 580 691 19 127 1 KATABUNIA কাটাʸিনয়া 0 0 0.00 0 0
8 20 22 90 47 705 580 691 29 128 1 KHAYRATIPARA খয়রািতপাড়া 0 0 0.00 0 0
8 20 22 90 47 705 580 691 25 129 1 KHURERMUKH ŭেরর˥খ 0 0 0.00 0 0
8 20 22 90 47 705 580 691 04 130 1 KURA BUIJYAPARA Ňরা ʸইজαাপাড়া 0 0 0.00 0 0
8 20 22 90 47 705 580 691 20 141 1 LAFARGHONA লাফারেঘানা 0 0 0.00 0 0
8 20 22 90 47 705 580 691 15 142 1 LEZIRPARA έলিজরপাড়া 0 0 0.00 0 0
67 / 79

-- 68 of 81 --

কাǿ িবভাগ
έকাড
έজলা
έকাড
িসিট
έকাড
উপ/
থানা
έকাড
έপৗর
έকাড
ইউ/
ওয়াǿ
έকাড
(ʔরাতন)
ইউ/
ওয়াǿ
έকাড
(নȣন)
έমৗজা/
মহ̲া
έকাড
(ʔরাতন)
έমৗজা
έকাড
(নȣন)
έজ
এল
নং
Żাম
έকাড
(ʔরাতন)
Żাম/মহ̲া
/*পাড়া
έকাড
(নȣন)
আর
এম ও
έমাট
খɶ
খɶ
নং ˘িম (একের)
নদী
পথ
(একের)
বনাǝল (একের) ধরণ
1 2 3 4 5 6 7 8 9 10 11 12 13 14 15 16 17 18 19 20 21 22
ʚশাসিনক ইউিনেটর নােমর বানান
8 20 22 90 47 705 580 691 11 153 1 MAGPARA মগপাড়া 0 0 0.00 0 0
8 20 22 90 47 705 580 691 09 154 1 MANDALPARA মȘলপাড়া 0 0 0.00 0 0
8 20 22 90 47 705 580 691 08 155 1 MUNDAR DEIL ˥Șার έডইল 0 0 0.00 0 0
8 20 22 90 47 705 580 691 33 166 1 NAPITPARA নািপতপাড়া 0 0 0.00 0 0
8 20 22 90 47 705 580 691 31 167 1 NOAPARA έনায়াপাড়া 0 0 0.00 0 0
8 20 22 90 47 705 580 691 12 188 1 PANCHHARIPARA পানছিড়পাড়া 0 0 0.00 0 0
8 20 22 90 47 705 580 691 23 189 1 PENDALPARA έপȘালপাড়া 0 0 0.00 0 0	8 20 22 90 47 705 580 691 23 189 1 PENDALPARA έপȘালপাড়া 0 0 0.00 0 0
8 20 22 90 47 705 580 691 18 190 1 PURANPARA ʔরানপাড়া 0 0 0.00 0 0
8 20 22 90 47 705 580 691 27 211 1 RUHULYAR DEPA	̓	 Βলαার έডপা 0 0 0.00 0 0
8 20 22 90 47 705 580 691 10 222 1 SIKDERPARA িসকদারপাড়া 0 0 0.00 0 0
8 20 22 90 47 705 580 691 03 243 1 UTTAR NAYAPARA উȪর নয়াপাড়া 0 0 0.00 0 0
7 20 22 90 47 705 663 692 11 1 SHAHPARIR DWIP শাহপরীর ɖীপ 0 0 8023.10 0 0
8 20 22 90 47 705 663 692 07 020 1 BAZARPARA বাজারপাড়া 0 0 0.00 0 0
8 20 22 90 47 705 663 692 12 031 1 CAMPPARA কαা˲পাড়া 0 0 0.00 0 0
8 20 22 90 47 705 663 692 04 042 1 DAKKHINPARA দিţণপাড়া 0 0 0.00 0 0
8 20 22 90 47 705 663 692 13 043 1 DANGARPARA ডাƝারপাড়া 0 0 0.00 0 0
8 20 22 90 47 705 663 692 06 044 1 DEILPARA έডইলপাড়া 0 0 0.00 0 0
8 20 22 90 47 705 663 692 03 075 1 GHOLARPARA έঘালারপাড়া 0 0 0.00 0 0
8 20 22 90 47 705 663 692 05 086 1 HAJIPARA হাজীপাড়া 0 0 0.00 0 0
8 20 22 90 47 705 663 692 11 107 1 JALIAPARA জািলয়াপাড়া 0 0 0.00 0 0
8 20 22 90 47 705 663 692 08 118 1 KONARPARA έকানারপাড়া 0 0 0.00 0 0
8 20 22 90 47 705 663 692 10 139 1 MAJHERPARA মােঝরপাড়া 0 0 0.00 0 0
8 20 22 90 47 705 663 692 01 140 1 MISTRIPARA িমͺীপাড়া 0 0 0.00 0 0
68 / 79

-- 69 of 81 --

কাǿ িবভাগ
έকাড
έজলা
έকাড
িসিট
έকাড
উপ/
থানা
έকাড
έপৗর
έকাড
ইউ/
ওয়াǿ
έকাড
(ʔরাতন)
ইউ/
ওয়াǿ
έকাড
(নȣন)
έমৗজা/
মহ̲া
έকাড
(ʔরাতন)
έমৗজা
έকাড
(নȣন)
έজ
এল
নং
Żাম
έকাড
(ʔরাতন)
Żাম/মহ̲া
/*পাড়া
έকাড
(নȣন)
আর
এম ও
έমাট
খɶ
খɶ
নং ˘িম (একের)
নদী
পথ
(একের)
বনাǝল (একের) ধরণ
1 2 3 4 5 6 7 8 9 10 11 12 13 14 15 16 17 18 19 20 21 22
ʚশাসিনক ইউিনেটর নােমর বানান
8 20 22 90 47 705 663 692 09 171 1 PASHCHIMPARA পি̽মপাড়া 0 0 0.00 0 0
8 20 22 90 47 705 663 692 02 222 1 UTTARPARA উȪরপাড়া 0 0 0.00 0 0
6 20 22 90 63 740 TEKNAF έটকনাফ 0 0 25251.32 0 16264.43 1
7 20 22 90 63 740 248 435 8 1 LENGGURBIL έলƞরিবল 0 0 2158.65 0 0
8 20 22 90 63 740 248 435 13 040 1 DAKKHIN LAMBARI দিţণ ল˿রী 0 0 0.00 0 0
8 20 22 90 63 740 248 435 12 041 1 DAKKHIN LENGURBIL দিţণ έলƞরিবল 0 0 0.00 0 0
8 20 22 90 63 740 248 435 04 042 1 DARGARCHHARA দরগারছড়া 0 0 0.00 0 0	8 20 22 90 63 740 248 435 04 042 1 DARGARCHHARA দরগারছড়া 0 0 0.00 0 0
8 20 22 90 63 740 248 435 02 083 1 HABIRCHHARA হািবরছড়া 0 0 0.00 0 0
8 20 22 90 63 740 248 435 06 084 1 HATIARGHONA হািতয়ারেঘানা 0 0 0.00 0 0
8 20 22 90 63 740 248 435 07 105 1 JAHALIAPARA জাহািলয়াপাড়া 0 0 0.00 0 0
8 20 22 90 63 740 248 435 08 116 1 KARACHIPARA করািচপাড়া 0 0 0.00 0 0
8 20 22 90 63 740 248 435 11 137 1 MATHPARA মাঠপাড়া 0 0 0.00 0 0
8 20 22 90 63 740 248 435 03 138 1 MITHAPANIRCHHARA িমঠাপািনরছড়া 0 0 0.00 0 0
8 20 22 90 63 740 248 435 01 189 1 RAJARCHHARA রাজারছড়া 0 0 0.00 0 0
8 20 22 90 63 740 248 435 05 210 1 TULATALI ȣলাতলী 0 0 0.00 0 0
8 20 22 90 63 740 248 435 10 221 1 UTTAR LAMBARI উȪর ল˿রী 0 0 0.00 0 0
8 20 22 90 63 740 248 435 09 222 1 UTTAR LENGGURBIL উȪর έলƞরিবল 0 0 0.00 0 0
7 20 22 90 63 740 414 653 6 1 RESERVE TEKNAF িরজা˚ έটকনাফ 0 0 16315.44 0 16259.96 5
8 20 22 90 63 740 414 653 04 020 1 BARAITALI বরইতলী 0 0 0.00 0 0
8 20 22 90 63 740 414 653 05 071 1 GOMTALI έগামতলী 0 0 0.00 0 0
8 20 22 90 63 740 414 653 03 112 1 KERUNTALI έক̓ণতলী 0 0 0.00 0 0
7 20 22 90 63 740 829 730 9 3 TEKNAF (PART) έটকনাফ (অংশ) 10 10 0.00 0 4.47 5
8 20 22 90 63 740 829 730 12 022 3 BARA HABIRPARA বড় হািবরপাড়া 0 0 0.00 0 0
69 / 79

-- 70 of 81 --

কাǿ িবভাগ
έকাড
έজলা
έকাড
িসিট
έকাড
উপ/
থানা
έকাড
έপৗর
έকাড
ইউ/
ওয়াǿ
έকাড
(ʔরাতন)
ইউ/
ওয়াǿ
έকাড
(নȣন)
έমৗজা/
মহ̲া
έকাড
(ʔরাতন)
έমৗজা
έকাড
(নȣন)
έজ
এল
নং
Żাম
έকাড
(ʔরাতন)
Żাম/মহ̲া
/*পাড়া
έকাড
(নȣন)
আর
এম ও
έমাট
খɶ
খɶ
নং ˘িম (একের)
নদী
পথ
(একের)
বনাǝল (একের) ধরণ
1 2 3 4 5 6 7 8 9 10 11 12 13 14 15 16 17 18 19 20 21 22
ʚশাসিনক ইউিনেটর নােমর বানান
8 20 22 90 63 740 829 730 11 035 3 CHHOTA HABIRPARA έছাট হািবরপাড়া 0 0 0.00 0 0
8 20 22 90 63 740 829 730 04 050 3 DEILPARA έডইলপাড়া 0 0 0.00 0 0
8 20 22 90 63 740 829 730 03 082 3 GODARBIL έগাদারিবল 0 0 0.00 0 0
8 20 22 90 63 740 829 730 13 093 3 HAJAMPARA হাজমপাড়া 0 0 0.00 0 0
8 20 22 90 63 740 829 730 08 094 3 HANGAR DEIL হাƝর έডইল 0 0 0.00 0 0
8 20 22 90 63 740 829 730 07 126 3 KACHUBUNIA কƥʸিনয়া 0 0 0.00 0 0
8 20 22 90 63 740 829 730 06 130 3 KHONKARPARA έখানকারপাড়া 0 0 0.00 0 0	8 20 22 90 63 740 829 730 06 130 3 KHONKARPARA έখানকারপাড়া 0 0 0.00 0 0
8 20 22 90 63 740 829 730 05 154 3 MAHESHKHALIAPARA মেহশখািলয়াপাড়া 0 0 0.00 0 0
8 20 22 90 63 740 829 730 09 155 3 MOULAVIPARA έমৗলভীপাড়া 0 0 0.00 0 0
8 20 22 90 63 740 829 730 01 167 3 NATUN PALLANPARA নȣন প̲ানপাড়া 0 0 0.00 0 0
8 20 22 90 63 740 829 730 10 168 3 NAZIRPARA নািজরপাড়া 0 0 0.00 0 0
8 20 22 90 63 740 829 730 02 222 3 SHILBANIAPARA িশলবিনয়াপাড়া 0 0 0.00 0 0
6 20 22 90 79 840 WHYKYONG έহায়াইকαং 0 0 31582.00 0 15449.35 1
7 20 22 90 79 840 331 472 4 1 MADHYA NHILA (PART) মধα Ηীলা (অংশ) 2 2 11861.00 0 30 5
8 20 22 90 79 840 331 472 04 101 1 JHIMANGKHALI িঝমংখালী 0 0 0.00 0 0
8 20 22 90 79 840 331 472 10 112 1 KAMBANIAPARA ক˿িনয়াপাড়া 0 0 0.00 0 0
8 20 22 90 79 840 331 472 11 113 1 KANJARPARA কাǢরপাড়া 0 0 0.00 0 0
8 20 22 90 79 840 331 472 09 114 1 KHARANGKHALI খারাংখালী 0 0 0.00 0 0 1
8 20 22 90 79 840 331 472 02 115 1 KUTUBDIAPARA Ňȣবিদয়াপাড়া 0 0 0.00 0 0
8 20 22 90 79 840 331 472 08 147 1 NACHHARPARA নাছরপাড়া 0 0 0.00 0 0
8 20 22 90 79 840 331 472 03 148 1 NAYAPARA নয়াপাড়া 0 0 0.00 0 0
8 20 22 90 79 840 331 472 12 169 1 PASHCHIM MAHESHKHALIAPARA পি̽ম মেহশখািলয়াপাড়া 0 0 0.00 0 0
70 / 79

-- 71 of 81 --

কাǿ িবভাগ
έকাড
έজলা
έকাড
িসিট
έকাড
উপ/
থানা
έকাড
έপৗর
έকাড
ইউ/
ওয়াǿ
έকাড
(ʔরাতন)
ইউ/
ওয়াǿ
έকাড
(নȣন)
έমৗজা/
মহ̲া
έকাড
(ʔরাতন)
έমৗজা
έকাড
(নȣন)
έজ
এল
নং
Żাম
έকাড
(ʔরাতন)
Żাম/মহ̲া
/*পাড়া
έকাড
(নȣন)
আর
এম ও
έমাট
খɶ
খɶ
নং ˘িম (একের)
নদী
পথ
(একের)
বনাǝল (একের) ধরণ
1 2 3 4 5 6 7 8 9 10 11 12 13 14 15 16 17 18 19 20 21 22
ʚশাসিনক ইউিনেটর নােমর বানান
8 20 22 90 79 840 331 472 06 170 1 PURBA MAHESHKHALIAPARA ʕʻ মেহশখািলয়াপাড়া 0 0 0.00 0 0
8 20 22 90 79 840 331 472 07 192 1 ROJARGHONA έরাজারেঘানা 0 0 0.00 0 0
8 20 22 90 79 840 331 472 05 203 1 SATGHARIAPARA সাতঘিরয়াপাড়া 0 0 0.00 0 0
8 20 22 90 79 840 331 472 01 224 1 UNCHHI PRANG উনিছ ʚাং 0 0 0.00 0 0
7 20 22 90 79 840 497 654 2 1 RESERVE UTTAR NHILLA িরজা˚ উȪর Ηীলা 0 0 14263.00 0 14263 5
8 20 22 90 79 840 497 654 01 030 1 CHAKMARKUL চাকমারŇল 0 0 0.00 0 0
8 20 22 90 79 840 497 654 03 071 1 GHILATALI (PART) িগলাতলী (অংশ) 0 0 0.00 0 0	8 20 22 90 79 840 497 654 03 071 1 GHILATALI (PART) িগলাতলী (অংশ) 0 0 0.00 0 0
8 20 22 90 79 840 497 654 02 112 1 KERUNTALI (PART) έক̓ণতলী (অংশ) 0 0 0.00 0 0
7 20 22 90 79 840 912 767 3 1 UTTAR NHILA উȪর Ηীলা 0 0 5458.00 0 1156.35 5
8 20 22 90 79 840 912 767 11 010 1 AMTALI আমতলী 0 0 0.00 0 0
8 20 22 90 79 840 912 767 04 021 1 BALUKHALI বা̛খালী 0 0 0.00 0 0
8 20 22 90 79 840 912 767 06 042 1 DAINGAKATA ήদƝাকাটা 0 0 0.00 0 0
8 20 22 90 79 840 912 767 02 073 1 GILATALI (PART) িগলাতলী (অংশ) 0 0 0.00 0 0
8 20 22 90 79 840 912 767 07 084 1 HARIKHOLA হিরেখালা 0 0 0.00 0 0
8 20 22 90 79 840 912 767 16 105 1 JUARIKHOLA ǁয়ারীেখালা 0 0 0.00 0 0
8 20 22 90 79 840 912 767 03 116 1 KATAKHALI কাটাখালী 0 0 0.00 0 0
8 20 22 90 79 840 912 767 01 117 1 KERUNTALI (PART) έক̓ণতলী (অংশ) 0 0 0.00 0 0
8 20 22 90 79 840 912 767 15 118 1 KHARAINGAGHONA খারাইƝােঘানা 0 0 0.00 0 0
8 20 22 90 79 840 912 767 10 129 1 LAMBABIL ল˿ািবল 0 0 0.00 0 0
8 20 22 90 79 840 912 767 13 130 1 LAMBAGHONA ল˿ােঘানা 0 0 0.00 0 0
8 20 22 90 79 840 912 767 08 131 1 LATURIKHOLA লাȣরীেখালা 0 0 0.00 0 0 1
8 20 22 90 79 840 912 767 14 142 1 MANIRGHONA মিনরেঘানা 0 0 0.00 0 0
8 20 22 90 79 840 912 767 17 173 1 PUTIBANIA ʔিটবিনয়া 0 0 0.00 0 0
71 / 79

-- 72 of 81 --

কাǿ িবভাগ
έকাড
έজলা
έকাড
িসিট
έকাড
উপ/
থানা
έকাড
έপৗর
έকাড
ইউ/
ওয়াǿ
έকাড
(ʔরাতন)
ইউ/
ওয়াǿ
έকাড
(নȣন)
έমৗজা/
মহ̲া
έকাড
(ʔরাতন)
έমৗজা
έকাড
(নȣন)
έজ
এল
নং
Żাম
έকাড
(ʔরাতন)
Żাম/মহ̲া
/*পাড়া
έকাড
(নȣন)
আর
এম ও
έমাট
খɶ
খɶ
নং ˘িম (একের)
নদী
পথ
(একের)
বনাǝল (একের) ধরণ
1 2 3 4 5 6 7 8 9 10 11 12 13 14 15 16 17 18 19 20 21 22
ʚশাসিনক ইউিনেটর নােমর বানান
8 20 22 90 79 840 912 767 12 194 1 RAIKKHONG রাইţং 0 0 0.00 0 0
8 20 22 90 79 840 912 767 05 225 1 ULUBANIA উ̛বিনয়া 0 0 0.00 0 0
8 20 22 90 79 840 912 767 09 246 1 WHYKYONG έহায়াইকαং 0 0 0.00 0 0
5 20 22 90 88 TEKNAF POURASABHA έটকনাফ έপৗরসভা 994.44 0 0 2
6 20 22 90 88 01 001 WARD NO. 01 ওয়াǿ নং ০১ 0 0 105.10 0 0 2
7 20 22 90 88 01 001 829 730 9 2 TEKNAF (PART) έটকনাফ (অংশ) 10 1 6777.23 0 0
8 20 22 90 88 01 001 829 730 127 2 KAIYUKKHALIPARA কাΤকখালীপাড়া 0 0 0.00 0 0	8 20 22 90 88 01 001 829 730 127 2 KAIYUKKHALIPARA কাΤকখালীপাড়া 0 0 0.00 0 0
8 20 22 90 88 01 001 829 730 169 2 NYTONGPARA নাইটংপাড়া 0 0 0.00 0 0
6 20 22 90 88 02 002 WARD NO. 02 ওয়াǿ নং ০২ 0 0 115.00 0 0 2
7 20 22 90 88 02 002 829 730 9 2 TEKNAF (PART) έটকনাফ (অংশ) 10 2 0.00 0 0
8 20 22 90 88 02 002 829 730 190 2 PURAN PALLANPARA ʔরান প̲ানপাড়া 0 0 0.00 0 0
6 20 22 90 88 03 003 WARD NO.03 ওয়াǿ নং ০৩ 0 0 108.00 0 0 2
7 20 22 90 88 03 003 829 730 9 2 TEKNAF (PART) έটকনাফ (অংশ) 10 3 0.00 0 0
8 20 22 90 88 03 003 829 730 128 2 KAIYUKKHALIPARA কাΤকখালীপাড়া 0 0 0.00 0 0
6 20 22 90 88 04 004 WARD NO.04 ওয়াǿ নং ০৪ 0 0 113.00 0 0 2
7 20 22 90 88 04 004 829 730 9 2 TEKNAF (PART) έটকনাফ (অংশ) 10 4 0.00 0 0
8 20 22 90 88 04 004 829 730 010 2 ALIABAD অিলয়াবাদ 2 0 0.00 0 0
8 20 22 90 88 04 004 829 730 105 2 ISLAMABAD ইসলামাবাদ 0 0 0.00 0 0
8 20 22 90 88 04 004 829 730 166 2 NATUN PALLANPARA নȣন প̲ানপাড়া 2 0 0.00 0 0
6 20 22 90 88 05 005 WARD NO.05 ওয়াǿ নং ০৫ 0 0 112.00 0 0 2
7 20 22 90 88 05 005 829 730 9 2 TEKNAF (PART) έটকনাফ (অংশ) 10 5 0.00 0 0
8 20 22 90 88 05 005 829 730 011 2 ALIABAD অিলয়াবাদ 2 0 0.00 0 0
8 20 22 90 88 05 005 829 730 051 2 DEILPARA (PART) έডইলপাড়া (অংশ) 2 0 0.00 0 0
72 / 79

-- 73 of 81 --

কাǿ িবভাগ
έকাড
έজলা
έকাড
িসিট
έকাড
উপ/
থানা
έকাড
έপৗর
έকাড
ইউ/
ওয়াǿ
έকাড
(ʔরাতন)
ইউ/
ওয়াǿ
έকাড
(নȣন)
έমৗজা/
মহ̲া
έকাড
(ʔরাতন)
έমৗজা
έকাড
(নȣন)
έজ
এল
নং
Żাম
έকাড
(ʔরাতন)
Żাম/মহ̲া
/*পাড়া
έকাড
(নȣন)
আর
এম ও
έমাট
খɶ
খɶ
নং ˘িম (একের)
নদী
পথ
(একের)
বনাǝল (একের) ধরণ
1 2 3 4 5 6 7 8 9 10 11 12 13 14 15 16 17 18 19 20 21 22
ʚশাসিনক ইউিনেটর নােমর বানান
8 20 22 90 88 05 005 829 730 221 2 SAITYANGKHIL সাইটαংিখল 0 0 0.00 0 0
6 20 22 90 88 06 006 WARD NO.06 ওয়াǿ নং ০৬ 0 0 110.00 0 0 2
7 20 22 90 88 06 006 829 730 9 2 TEKNAF (PART) έটকনাফ (অংশ) 10 6 0.00 0 0
8 20 22 90 88 06 006 829 730 023 2 BAZARPARA (PART) বাজারপাড়া (অংশ) 2 0 0.00 0 0
8 20 22 90 88 06 006 829 730 037 2 COLLEGEPARA কেলজপাড়া 0 0 0.00 0 0
8 20 22 90 88 06 006 829 730 049 2 DEILPARA έডইলপাড়া (আংিশক) 0 0 0.00 0 0
8 20 22 90 88 06 006 829 730 131 2 KULALPARA Ňলালপাড়া 2 0 0.00 0 0	8 20 22 90 88 06 006 829 730 131 2 KULALPARA Ňলালপাড়া 2 0 0.00 0 0
6 20 22 90 88 07 007 WARD NO.07 ওয়াǿ নং ০৭ 0 0 112.10 0 0 2
7 20 22 90 88 07 007 829 730 9 2 TEKNAF (PART) έটকনাফ (অংশ) 10 7 0.00 0 0 3
8 20 22 90 88 07 007 829 730 036 2 CHOWDHURYPARA έচৗɡরীপাড়া 0 0 0.00 0 0
8 20 22 90 88 07 007 829 730 243 2 UTTAR JALIAPARA উȪর জািলয়াপাড়া 0 0 0.00 0 0
6 20 22 90 88 08 008 WARD NO.08 ওয়াǿ নং ০৮ 0 0 109.00 0 0 2
7 20 22 90 88 08 008 829 730 9 2 TEKNAF (PART) έটকনাফ (অংশ) 10 8 0.00 0 0 3
8 20 22 90 88 08 008 829 730 024 2 BAZARPARA (PART) বাজারপাড়া (অংশ) 2 0 0.00 0 0
8 20 22 90 88 08 008 829 730 153 2 MADHYA JALIAPARA মধα জািলয়াপাড়া 0 0 0.00 0 0
6 20 22 90 88 09 009 WARD NO.09 ওয়াǿ নং ০৯ 0 0 110.24 0 0 2
7 20 22 90 88 09 009 829 730 9 2 TEKNAF (PART) έটকনাফ (অংশ) 10 9 0.00 0 0 3
8 20 22 90 88 09 009 829 730 048 2 DAKKHIN JALIAPARA দিţণ জািলয়াপাড়া 0 0 0.00 0 0
8 20 22 90 88 09 009 829 730 129 2 KHANKARPARA খনকারপাড়া 2 0 0.00 0 0
8 20 22 90 88 09 009 829 730 132 2 KULALPARA Ňলালপাড়া 2 0 0.00 0 0
4 20 22 94 UKHIA উিখয়া 71485.70 0 44254.2 1
6 20 22 94 15 340 HALDIA PALANG হলিদয়া পালং 0 0 16699.48 0 5164.32 1
7 20 22 94 15 340 076 297 7 1 HALDIA PALANG হলিদয়া পালং 0 0 1984.06 0 336.26
73 / 79

-- 74 of 81 --

কাǿ িবভাগ
έকাড
έজলা
έকাড
িসিট
έকাড
উপ/
থানা
έকাড
έপৗর
έকাড
ইউ/
ওয়াǿ
έকাড
(ʔরাতন)
ইউ/
ওয়াǿ
έকাড
(নȣন)
έমৗজা/
মহ̲া
έকাড
(ʔরাতন)
έমৗজা
έকাড
(নȣন)
έজ
এল
নং
Żাম
έকাড
(ʔরাতন)
Żাম/মহ̲া
/*পাড়া
έকাড
(নȣন)
আর
এম ও
έমাট
খɶ
খɶ
নং ˘িম (একের)
নদী
পথ
(একের)
বনাǝল (একের) ধরণ
1 2 3 4 5 6 7 8 9 10 11 12 13 14 15 16 17 18 19 20 21 22
ʚশাসিনক ইউিনেটর নােমর বানান
8 20 22 94 15 340 076 297 01 080 1 HALDIA PALANG হলিদয়া পালং 0 0 0.00 0 0
8 20 22 94 15 340 076 297 03 111 1 KHEOYACHHARI έখওয়াছিড় 0 0 0.00 0 0
8 20 22 94 15 340 076 297 04 132 1 MADHYA HALDIA PALANG মধα হলিদয়া পালং 0 0 0.00 0 0
8 20 22 94 15 340 076 297 06 133 1 MOULAVIPARA έমৗলভীপাড়া 0 0 0.00 0 0
8 20 22 94 15 340 076 297 05 144 1 NALBANIA নলবিনয়া 0 0 0.00 0 0
8 20 22 94 15 340 076 297 02 165 1 PASHCHIM HALDIA PALANG পি̽ম হলিদয়া পালং 0 0 0.00 0 0
7 20 22 94 15 340 306 485 5 1 MARICHYA PALANG মিরচαা পালং 0 0 9125.63 0 365.44	7 20 22 94 15 340 306 485 5 1 MARICHYA PALANG মিরচαা পালং 0 0 9125.63 0 365.44
8 20 22 94 15 340 306 485 03 070 1 GURAIYAR DWIP Ŷরাইয়ার ɖীপ 0 0 0.00 0 0
8 20 22 94 15 340 306 485 01 131 1 MARICHYA PALANG মিরচαা পালং 0 0 0.00 0 0
8 20 22 94 15 340 306 485 02 162 1 PASHCHIM MARICHYA PALANG পি̽ম মিরচαা পালং 0 0 0.00 0 0
7 20 22 94 15 340 382 597 6 1 PAGLIRBIL পাগলীরিবল 0 0 3603.49 0 2205.48
8 20 22 94 15 340 382 597 05 020 1 BAKTATALI বŗাতলী 0 0 0.00 0 0
8 20 22 94 15 340 382 597 06 031 1 CHHAYAKHOLA ছায়ােখালা 0 0 0.00 0 0
8 20 22 94 15 340 382 597 04 122 1 LENGGURBIL έলƞরিবল 0 0 0.00 0 0
8 20 22 94 15 340 382 597 01 163 1 PAGLIRBIL পাগলীরিবল 0 0 0.00 0 0
8 20 22 94 15 340 382 597 03 164 1 PATABARI পাতাবািড় 0 0 0.00 0 0
8 20 22 94 15 340 382 597 02 215 1 UTTAR BARABIL উȪর বড়িবল 0 0 0.00 0 0
7 20 22 94 15 340 765 675 4 1 RUMKHA PALANG	̓	 মখা পালং 0 0 1986.30 0 2227.14
8 20 22 94 15 340 765 675 02 130 1 MAHAJANPARA মহাজনপাড়া 0 0 0.00 0 0
8 20 22 94 15 340 765 675 05 141 1 NAPITPARA নািপতপাড়া 0 0 0.00 0 0
8 20 22 94 15 340 765 675 04 182 1 RUMKHA BARABIL	̓	 মখা বড়িবল 0 0 0.00 0 0
8 20 22 94 15 340 765 675 08 183 1 RUMKHA CHOWDHURYPARA̓ মখা έচৗɡরীপাড়া 0 0 0.00 0 0
8 20 22 94 15 340 765 675 06 184 1 RUMKHA KAILASPARA	̓	 মখা ήকলাসপাড়া 0 0 0.00 0 0
74 / 79

-- 75 of 81 --

কাǿ িবভাগ
έকাড
έজলা
έকাড
িসিট
έকাড
উপ/
থানা
έকাড
έপৗর
έকাড
ইউ/
ওয়াǿ
έকাড
(ʔরাতন)
ইউ/
ওয়াǿ
έকাড
(নȣন)
έমৗজা/
মহ̲া
έকাড
(ʔরাতন)
έমৗজা
έকাড
(নȣন)
έজ
এল
নং
Żাম
έকাড
(ʔরাতন)
Żাম/মহ̲া
/*পাড়া
έকাড
(নȣন)
আর
এম ও
έমাট
খɶ
খɶ
নং ˘িম (একের)
নদী
পথ
(একের)
বনাǝল (একের) ধরণ
1 2 3 4 5 6 7 8 9 10 11 12 13 14 15 16 17 18 19 20 21 22
ʚশাসিনক ইউিনেটর নােমর বানান
8 20 22 94 15 340 765 675 07 185 1 RUMKHA KULALPARA	̓	 মখা Ňলালপাড়া 0 0 0.00 0 0
8 20 22 94 15 340 765 675 01 186 1 RUMKHA PALANG	̓	 মখা পালং 0 0 0.00 0 0
8 20 22 94 15 340 765 675 03 197 1 SABEK RUMKHA সােবক ̓ মখা 0 0 0.00 0 0
6 20 22 94 31 407 JALIA PALANG জািলয়া পালং 0 0 6474.11 0 387.3 1
7 20 22 94 31 407 153 335 2 1 INANI ইনানী 0 0 4442.11 0 246.25
8 20 22 94 31 407 153 335 11 030 1 CHHEPATKHALI έছপটখালী 0 0 0.00 0 0
8 20 22 94 31 407 153 335 09 031 1 CHOWANGKHALI έচায়াংখালী 0 0 0.00 0 0	8 20 22 94 31 407 153 335 09 031 1 CHOWANGKHALI έচায়াংখালী 0 0 0.00 0 0
8 20 22 94 31 407 153 335 06 042 1 DEILPARA έডইলপাড়া 0 0 0.00 0 0
8 20 22 94 31 407 153 335 04 093 1 IMAMER DEIL ইমােমর έডইল 0 0 0.00 0 0
8 20 22 94 31 407 153 335 01 094 1 INANI ইনানী 0 0 0.00 0 0
8 20 22 94 31 407 153 335 10 135 1 MADARBANIA মাদারবিনয়া 0 0 0.00 0 0
8 20 22 94 31 407 153 335 05 136 1 MANKHALI মনখালী 0 0 0.00 0 0
8 20 22 94 31 407 153 335 03 137 1 MD. SHAFIRBIL έমাঃ শিফরিবল 0 0 0.00 0 0
8 20 22 94 31 407 153 335 02 148 1 NIDANIA িনদািনয়া 0 0 0.00 0 0
8 20 22 94 31 407 153 335 08 169 1 PATUARTEK পাǨয়ারেটক 0 0 0.00 0 0
8 20 22 94 31 407 153 335 07 190 1 RUPPATI	̔	 পপিত 0 0 0.00 0 0
7 20 22 94 31 407 229 373 1 1 JALIA PALANG জািলয়া পালং 0 0 2032.00 0 141.05
8 20 22 94 31 407 229 373 07 030 1 CHARPARA চরপাড়া 0 0 0.00 0 0
8 20 22 94 31 407 229 373 09 071 1 GURAIYAR DWIP Ŷরাইয়ার ɖীপ 0 0 0.00 0 0
8 20 22 94 31 407 229 373 01 102 1 JALIA PALANG SONAICHHARI জািলয়া পালং έসানাইছিড় 0 0 0.00 0 0
8 20 22 94 31 407 229 373 06 103 1 JUMMAPARA ǁ̅াপাড়া 0 0 0.00 0 0
8 20 22 94 31 407 229 373 05 114 1 KHAIRAPARA খইরাপাড়া 0 0 0.00 0 0
8 20 22 94 31 407 229 373 08 125 1 LAMBARIPARA ল˿রীপাড়া 0 0 0.00 0 0
75 / 79

-- 76 of 81 --

কাǿ িবভাগ
έকাড
έজলা
έকাড
িসিট
έকাড
উপ/
থানা
έকাড
έপৗর
έকাড
ইউ/
ওয়াǿ
έকাড
(ʔরাতন)
ইউ/
ওয়াǿ
έকাড
(নȣন)
έমৗজা/
মহ̲া
έকাড
(ʔরাতন)
έমৗজা
έকাড
(নȣন)
έজ
এল
নং
Żাম
έকাড
(ʔরাতন)
Żাম/মহ̲া
/*পাড়া
έকাড
(নȣন)
আর
এম ও
έমাট
খɶ
খɶ
নং ˘িম (একের)
নদী
পথ
(একের)
বনাǝল (একের) ধরণ
1 2 3 4 5 6 7 8 9 10 11 12 13 14 15 16 17 18 19 20 21 22
ʚশাসিনক ইউিনেটর নােমর বানান
8 20 22 94 31 407 229 373 02 166 1 PAINYASHIA পাইনαািশয়া 0 0 0.00 0 0
8 20 22 94 31 407 229 373 03 197 1 SONARPARA έসানারপাড়া 0 0 0.00 0 0
8 20 22 94 31 407 229 373 04 218 1 UTTAR NIDANIA উȪর িনদািনয়া 0 0 0.00 0 0
6 20 22 94 47 673 RAJAPALANG রাজাপালং 0 0 9734.59 0 8646.95 1
7 20 22 94 47 673 535 673 9 1 RAJA PALANG রাজা পালং 0 0 2879.41 0 3335.4
8 20 22 94 47 673 535 673 14 010 1 AMINPARA আিমনপাড়া 0 0 0.00 0 0
8 20 22 94 47 673 535 673 09 021 1 BAGANPAHAR বাগানপাহাড় 0 0 0.00 0 0	8 20 22 94 47 673 535 673 09 021 1 BAGANPAHAR বাগানপাহাড় 0 0 0.00 0 0
8 20 22 94 47 673 535 673 11 032 1 CHENGKHOLA έচংেখালা 0 0 0.00 0 0
8 20 22 94 47 673 535 673 04 043 1 DAKKHIN PUKURIA দিţণ ʔŇিরয়া 0 0 0.00 0 0
8 20 22 94 47 673 535 673 10 044 1 DUCHHARI Ƀছরী 0 0 0.00 0 0
8 20 22 94 47 673 535 673 13 085 1 HARASHIA হারািশয়া 0 0 0.00 0 0
8 20 22 94 47 673 535 673 08 086 1 HARINMARA হিরণমারা 0 0 0.00 0 0
8 20 22 94 47 673 535 673 15 117 1 KAMARIARBIL কামািরয়ারিবল 0 0 0.00 0 0
8 20 22 94 47 673 535 673 02 118 1 KHAYRATI খয়রািত 0 0 0.00 0 0
8 20 22 94 47 673 535 673 03 139 1 MADHYA RAJAPALANG মধα রাজাপালং 0 0 0.00 0 0
8 20 22 94 47 673 535 673 12 140 1 MALIARKUL মািলয়ারňল 0 0 0.00 0 0
8 20 22 94 47 673 535 673 06 171 1 PINJIRKUL িপনিজরňল 0 0 0.00 0 0
8 20 22 94 47 673 535 673 07 192 1 REJURKUL έরǁরňল 0 0 0.00 0 0
8 20 22 94 47 673 535 673 01 213 1 TUTURBIL ȣȣরিবল 0 0 0.00 0 0
8 20 22 94 47 673 535 673 05 224 1 UTTAR PUKURIA উȪর ʔŇিরয়া 0 0 0.00 0 0
7 20 22 94 47 673 841 864 10 3 WALA PALANG ওয়ালা পালং 0 0 4527.16 0 4662.17
8 20 22 94 47 673 841 864 07 040 3 DEILPARA έডইলপাড়া 0 0 0.00 0 0
8 20 22 94 47 673 841 864 04 061 3 FALIAPARA ফিলয়াপাড়া 0 0 0.00 0 0
76 / 79

-- 77 of 81 --

কাǿ িবভাগ
έকাড
έজলা
έকাড
িসিট
έকাড
উপ/
থানা
έকাড
έপৗর
έকাড
ইউ/
ওয়াǿ
έকাড
(ʔরাতন)
ইউ/
ওয়াǿ
έকাড
(নȣন)
έমৗজা/
মহ̲া
έকাড
(ʔরাতন)
έমৗজা
έকাড
(নȣন)
έজ
এল
নং
Żাম
έকাড
(ʔরাতন)
Żাম/মহ̲া
/*পাড়া
έকাড
(নȣন)
আর
এম ও
έমাট
খɶ
খɶ
নং ˘িম (একের)
নদী
পথ
(একের)
বনাǝল (একের) ধরণ
1 2 3 4 5 6 7 8 9 10 11 12 13 14 15 16 17 18 19 20 21 22
ʚশাসিনক ইউিনেটর নােমর বানান
8 20 22 94 47 673 841 864 03 072 3 GHILATALI িঘলাতলী 0 0 0.00 0 0
8 20 22 94 47 673 841 864 01 083 3 HAJIPARA হাজীপাড়া 0 0 0.00 0 0
8 20 22 94 47 673 841 864 09 134 1 MACHHKARIA মাছকািরয়া 0 0 0.00 0 0
8 20 22 94 47 673 841 864 06 135 3 MADHYA PASHCHIM DIGALIA মধα পি̽ম িডগিলয়া 0 0 0.00 0 0
8 20 22 94 47 673 841 864 08 136 1 MOULAVIPARA έমৗলভীপাড়া 0 0 0.00 0 0
8 20 22 94 47 673 841 864 05 167 3 PURBA DIGALIA ʕʻ িডগিলয়া 0 0 0.00 0 0
8 20 22 94 47 673 841 864 02 198 3 SIKDARBIL িসকদারিবল 0 0 0.00 0 0	8 20 22 94 47 673 841 864 02 198 3 SIKDARBIL িসকদারিবল 0 0 0.00 0 0
8 20 22 94 47 673 841 864 10 209 1 TAIPALANG টাইপালং 0 0 0.00 0 0
7 20 22 94 47 673 918 787 0 1 UKHIA উিখয়া 0 0 2328.02 0 649.38
8 20 22 94 47 673 918 787 01 040 1 DARGAHBIL দরগাহিবল 0 0 0.00 0 0
8 20 22 94 47 673 918 787 03 111 1 KUTUPALANG Ňȣপালং 0 0 0.00 0 0
8 20 22 94 47 673 918 787 02 122 1 LAMBAGHONA ল˿ােঘানা 0 0 0.00 0 0
8 20 22 94 47 673 918 787 04 163 1 PATABARI পাতাবািড় 0 0 0.00 0 0
6 20 22 94 63 682 RATNAPALANG রȰাপালং 0 0 5107.98 0 1573.1 1
7 20 22 94 63 682 612 674 8 1 RATNAPALANG রȰাপালং 0 0 5107.98 0 1573.1
8 20 22 94 63 682 612 674 12 010 1 AMTALI আমতলী 0 0 0.00 0 0
8 20 22 94 63 682 612 674 03 021 1 BHALUKIAPALANG ভা̛িকয়াপালং 0 0 0.00 0 0
8 20 22 94 63 682 612 674 02 032 1 CHAKBAITHA চাকৈবঠা 0 0 0.00 0 0
8 20 22 94 63 682 612 674 06 033 1 COURT BAZAR έকাǫ বাজার 0 0 0.00 0 0
8 20 22 94 63 682 612 674 19 064 1 FAIJA BAPERPARA ήফজা বােপরপাড়া 0 0 0.00 0 0
8 20 22 94 63 682 612 674 04 075 1 GAYALMARA গয়ালমারা 0 0 0.00 0 0
8 20 22 94 63 682 612 674 17 116 1 KAMARIARBIL কামািরয়ারিবল 0 0 0.00 0 0
8 20 22 94 63 682 612 674 05 117 1 KARAIBANIA করইবিনয়া 0 0 0.00 0 0
77 / 79

-- 78 of 81 --

কাǿ িবভাগ
έকাড
έজলা
έকাড
িসিট
έকাড
উপ/
থানা
έকাড
έপৗর
έকাড
ইউ/
ওয়াǿ
έকাড
(ʔরাতন)
ইউ/
ওয়াǿ
έকাড
(নȣন)
έমৗজা/
মহ̲া
έকাড
(ʔরাতন)
έমৗজা
έকাড
(নȣন)
έজ
এল
নং
Żাম
έকাড
(ʔরাতন)
Żাম/মহ̲া
/*পাড়া
έকাড
(নȣন)
আর
এম ও
έমাট
খɶ
খɶ
নং ˘িম (একের)
নদী
পথ
(একের)
বনাǝল (একের) ধরণ
1 2 3 4 5 6 7 8 9 10 11 12 13 14 15 16 17 18 19 20 21 22
ʚশাসিনক ইউিনেটর নােমর বানান
8 20 22 94 63 682 612 674 07 138 1 MADHYA RATNAPALANG মধα রȰাপালং 0 0 0.00 0 0
8 20 22 94 63 682 612 674 18 139 1 MAJHERPARA মােঝরপাড়া 0 0 0.00 0 0
8 20 22 94 63 682 612 674 01 170 1 PASHCHIM RATNAPALANG পি̽ম রȰাপালং 0 0 0.00 0 0
8 20 22 94 63 682 612 674 08 171 1 PURBA RATNAPALANG ʕʻ রȰাপালং 0 0 0.00 0 0
8 20 22 94 63 682 612 674 10 172 1 PURBAKUL ʕʻňল 0 0 0.00 0 0
8 20 22 94 63 682 612 674 13 193 1 RUHULLAR DEBA	̓	 Β̲ার έডবা 0 0 0.00 0 0
8 20 22 94 63 682 612 674 16 204 1 SADRIKATA সাɅকাটা 0 0 0.00 0 0	8 20 22 94 63 682 612 674 16 204 1 SADRIKATA সাɅকাটা 0 0 0.00 0 0
8 20 22 94 63 682 612 674 15 215 1 TEKPARA έটকপাড়া 0 0 0.00 0 0
8 20 22 94 63 682 612 674 14 216 1 TELIPARA έতিলপাড়া 0 0 0.00 0 0
8 20 22 94 63 682 612 674 09 217 1 THIMCHHARI িথমছিড় 0 0 0.00 0 0
8 20 22 94 63 682 612 674 11 218 1 TULATALI ȣলাতলী 0 0 0.00 0 0
8 20 22 94 63 682 612 674 20 279 1 ZAFAR PALLANPARA জাফর প̲ানপাড়া 0 0 0.00 0 0
6 20 22 94 79 606 PALANGKHALI পালংখালী 0 0 33441.54 0 28482.53 1
7 20 22 94 79 606 459 598 13 1 PALANGKHALI পালংখালী 0 0 3931.48 0 1302.58
8 20 22 94 79 606 459 598 05 010 1 ANJUMANPARA আǣমানপাড়া 0 0 0.00 0 0
8 20 22 94 79 606 459 598 15 021 1 BATTALI বটতলী 0 0 0.00 0 0
8 20 22 94 79 606 459 598 13 022 1 BHADITALA ভাদীতলা 0 0 0.00 0 0
8 20 22 94 79 606 459 598 17 033 1 CHURAKHOLA ƥরােখালা 0 0 0.00 0 0
8 20 22 94 79 606 459 598 09 044 1 DHAMANKHALI ধামনখালী 0 0 0.00 0 0
8 20 22 94 79 606 459 598 12 075 1 GAYALMARA গয়ালমারা 0 0 0.00 0 0
8 20 22 94 79 606 459 598 16 076 1 GHONARPARA έঘানারপাড়া 0 0 0.00 0 0
8 20 22 94 79 606 459 598 19 107 1 JAMTALI জামতলী 0 0 0.00 0 0
8 20 22 94 79 606 459 598 14 138 1 MADHYA FARIRBIL মধα ফািররিবল 0 0 0.00 0 0
78 / 79

-- 79 of 81 --

কাǿ িবভাগ
έকাড
έজলা
έকাড
িসিট
έকাড
উপ/
থানা
έকাড
έপৗর
έকাড
ইউ/
ওয়াǿ
έকাড
(ʔরাতন)
ইউ/
ওয়াǿ
έকাড
(নȣন)
έমৗজা/
মহ̲া
έকাড
(ʔরাতন)
έমৗজা
έকাড
(নȣন)
έজ
এল
নং
Żাম
έকাড
(ʔরাতন)
Żাম/মহ̲া
/*পাড়া
έকাড
(নȣন)
আর
এম ও
έমাট
খɶ
খɶ
নং ˘িম (একের)
নদী
পথ
(একের)
বনাǝল (একের) ধরণ
1 2 3 4 5 6 7 8 9 10 11 12 13 14 15 16 17 18 19 20 21 22
ʚশাসিনক ইউিনেটর নােমর বানান
8 20 22 94 79 606 459 598 02 149 1 NALBANIA নলবিনয়া 0 0 0.00 0 0
8 20 22 94 79 606 459 598 01 170 1 PALANGKHALI পালংখালী 0 0 0.00 0 0
8 20 22 94 79 606 459 598 03 171 1 PASHCHIM FARIRBIL পি̽ম ফািররিবল 0 0 0.00 0 0
8 20 22 94 79 606 459 598 10 172 1 PASHCHIM PALANGKHALI পি̽ম পালংখালী 0 0 0.00 0 0
8 20 22 94 79 606 459 598 04 173 1 PURBA FARIRBIL ʕʻ ফািররিবল 0 0 0.00 0 0
8 20 22 94 79 606 459 598 11 174 1 PURBA PALANGKHALI ʕʻ পালংখালী 0 0 0.00 0 0
8 20 22 94 79 606 459 598 18 175 1 PUTIBANIA ʔিটবিনয়া 0 0 0.00 0 0	8 20 22 94 79 606 459 598 18 175 1 PUTIBANIA ʔিটবিনয়া 0 0 0.00 0 0
8 20 22 94 79 606 459 598 06 196 1 RAHMATERBIL রহমেতরিবল 0 0 0.00 0 0
8 20 22 94 79 606 459 598 08 217 1 TAJNIMARKHOLA তাজিনমারেখালা 0 0 0.00 0 0
8 20 22 94 79 606 459 598 07 218 1 THAINGKHALI থাইংখালী 0 0 0.00 0 0
7 20 22 94 79 606 688 789 3 1 UKHIARGHAT RESERVE FOREST উিখয়ারঘাট িরজা˚ ফের͵ 0 0 28928.16 0 27002.19
8 20 22 94 79 606 688 789 03 020 1 BATTALI বটতলী 0 0 0.00 0 0
8 20 22 94 79 606 688 789 01 131 1 MOCHHARKHOLA έমাছারেখালা 0 0 0.00 0 0
8 20 22 94 79 606 688 789 02 202 1 TELKHOLA έতলেখালা 0 0 0.00 0 0
7 20 22 94 79 606 994 788 12 1 UKHIARGHAT উিখয়ারঘাট 0 0 581.90 0 177.76
8 20 22 94 79 606 994 788 04 040 1 DAKKHIN BALUKHALI দিţণ বা̛খালী 0 0 0.00 0 0
8 20 22 94 79 606 994 788 02 161 1 PASHCHIM BALUKHALI পি̽ম বা̛খালী 0 0 0.00 0 0
8 20 22 94 79 606 994 788 03 162 1 PURBA BALUKHALI ʕʻ বা̛খালী 0 0 0.00 0 0
8 20 22 94 79 606 994 788 01 213 1 UKHIARGHAT উিখয়ার ঘাট 0 0 0.00 0 0
79 / 79

-- 80 of 81 --



-- 81 of 81 --

